Video_Index,Scenario_ID,Scenario,Group_ID,Throughput,Average_Travel_Time
1,0,"[{'duration': 15, 'str': 'GGGrrrrrrrGGGrrrrrrr', 'traffic_light': 'Green', 'road': 'NS'}, {'duration': 5, 'str': 'yyyrrrrrrryyyrrrrrrr', 'traffic_light': 'Yellow', 'road': 'NS'}, {'duration': 5, 'str': 'rrrGGrrrrrrrrGGrrrrr', 'traffic_light': 'Green', 'road': 'EW'}, {'duration': 15, 'str': 'rrrrrGGGrrrrrrrGGGrr', 'traffic_light': 'Green', 'road': 'NS'}, {'duration': 5, 'str': 'rrrrryyyrrrrrrryyyrr', 'traffic_light': 'Yellow', 'road': 'NS'}, {'duration': 5, 'str': 'rrrrrrrrGGrrrrrrrrGG', 'traffic_light': 'Green', 'road': 'EW'}]",Static,9,37.333333333333336
1,0,"[{'duration': 10, 'str': 'GrrrrrrrrrGrrrrrrrrr', 'traffic_light': 'Left Turn', 'road': 'NS'}, {'duration': 20, 'str': 'GGGGGrrrrrGGGGGrrrrr', 'traffic_light': 'Green', 'road': 'NS'}, {'duration': 5, 'str': 'YYYYYrrrrrYYYYYrrrrr', 'traffic_light': 'Yellow', 'road': 'NS'}, {'duration': 10, 'str': 'rrrrrGrrrrrrrrrGrrrr', 'traffic_light': 'Left Turn', 'road': 'EW'}, {'duration': 15, 'str': 'rrrrrGGGGGrrrrrGGGGG', 'traffic_light': 'Green', 'road': 'EW'}]",Group2,13,37.8
2,0,"[{'duration': 15, 'str': 'GGGrrrrrrrGGGrrrrrrr', 'traffic_light': 'Green', 'road': 'NS'}, {'duration': 5, 'str': 'yyyrrrrrrryyyrrrrrrr', 'traffic_light': 'Yellow', 'road': 'NS'}, {'duration': 5, 'str': 'rrrGGrrrrrrrrGGrrrrr', 'traffic_light': 'Green', 'road': 'EW'}, {'duration': 15, 'str': 'rrrrrGGGrrrrrrrGGGrr', 'traffic_light': 'Green', 'road': 'NS'}, {'duration': 5, 'str': 'rrrrryyyrrrrrrryyyrr', 'traffic_light': 'Yellow', 'road': 'NS'}, {'duration': 5, 'str': 'rrrrrrrrGGrrrrrrrrGG', 'traffic_light': 'Green', 'road': 'EW'}]",Static,14,34.63636363636363
2,0,"[{'duration': 15, 'str': 'GGGGGrrrrrrrrrrrrrrr', 'traffic_light': 'Green', 'road': 'N'}, {'duration': 5, 'str': 'YYYYYrrrrrrrrrrrrrrr', 'traffic_light': 'Yellow', 'road': 'N'}, {'duration': 15, 'str': 'rrrrrGGGGGrrrrrrrrrr', 'traffic_light': 'Green', 'road': 'S'}, {'duration': 5, 'str': 'rrrrrYYYYYrrrrrrrrrr', 'traffic_light': 'Yellow', 'road': 'S'}, {'duration': 15, 'str': 'rrrrrrrrrrGGGGGrrrrr', 'traffic_light': 'Green', 'road': 'E'}, {'duration': 5, 'str': 'rrrrrrrrrrYYYYYrrrrr', 'traffic_light': 'Yellow', 'road': 'E'}]",Group1,9,33.30769230769231
3,0,"[{'duration': 15, 'str': 'GGGrrrrrrrGGGrrrrrrr', 'traffic_light': 'Green', 'road': 'NS'}, {'duration': 5, 'str': 'yyyrrrrrrryyyrrrrrrr', 'traffic_light': 'Yellow', 'road': 'NS'}, {'duration': 5, 'str': 'rrrGGrrrrrrrrGGrrrrr', 'traffic_light': 'Green', 'road': 'EW'}, {'duration': 15, 'str': 'rrrrrGGGrrrrrrrGGGrr', 'traffic_light': 'Green', 'road': 'NS'}, {'duration': 5, 'str': 'rrrrryyyrrrrrrryyyrr', 'traffic_light': 'Yellow', 'road': 'NS'}, {'duration': 5, 'str': 'rrrrrrrrGGrrrrrrrrGG', 'traffic_light': 'Green', 'road': 'EW'}]",Static,10,33.04545454545455
3,0,"[{'duration': 10, 'str': 'GrrrrrrrrrGrrrrrrrrr', 'traffic_light': 'Left Turn', 'road': 'NS'}, {'duration': 20, 'str': 'GGGGGrrrrrGGGGGrrrrr', 'traffic_light': 'Green', 'road': 'NS'}, {'duration': 5, 'str': 'YYYYYrrrrrYYYYYrrrrr', 'traffic_light': 'Yellow', 'road': 'NS'}, {'duration': 10, 'str': 'rrrrrGrrrrrrrrrGrrrr', 'traffic_light': 'Left Turn', 'road': 'EW'}, {'duration': 15, 'str': 'rrrrrGGGGGrrrrrGGGGG', 'traffic_light': 'Green', 'road': 'EW'}]",Group2,13,29.821428571428573
4,0,"[{'duration': 15, 'str': 'GGGrrrrrrrGGGrrrrrrr', 'traffic_light': 'Green', 'road': 'NS'}, {'duration': 5, 'str': 'yyyrrrrrrryyyrrrrrrr', 'traffic_light': 'Yellow', 'road': 'NS'}, {'duration': 5, 'str': 'rrrGGrrrrrrrrGGrrrrr', 'traffic_light': 'Green', 'road': 'EW'}, {'duration': 15, 'str': 'rrrrrGGGrrrrrrrGGGrr', 'traffic_light': 'Green', 'road': 'NS'}, {'duration': 5, 'str': 'rrrrryyyrrrrrrryyyrr', 'traffic_light': 'Yellow', 'road': 'NS'}, {'duration': 5, 'str': 'rrrrrrrrGGrrrrrrrrGG', 'traffic_light': 'Green', 'road': 'EW'}]",Static,11,31.03030303030303
4,0,"[{'duration': 10, 'str': 'rrrrrGrrrrrrrrrGrrrr', 'traffic_light': 'Left Turn', 'road': 'EW'}, {'duration': 20, 'str': 'rrrrrGGGGGrrrrrGGGGG', 'traffic_light': 'Green', 'road': 'EW'}, {'duration': 5, 'str': 'rrrrrYYYYYrrrrrYYYYY', 'traffic_light': 'Yellow', 'road': 'EW'}, {'duration': 10, 'str': 'GrrrrrrrrrGrrrrrrrrr', 'traffic_light': 'Left Turn', 'road': 'NS'}, {'duration': 15, 'str': 'GGGGGrrrrrGGGGGrrrrr', 'traffic_light': 'Green', 'road': 'NS'}]",Group6,12,30.2972972972973
5,0,"[{'duration': 15, 'str': 'GGGrrrrrrrGGGrrrrrrr', 'traffic_light': 'Green', 'road': 'NS'}, {'duration': 5, 'str': 'yyyrrrrrrryyyrrrrrrr', 'traffic_light': 'Yellow', 'road': 'NS'}, {'duration': 5, 'str': 'rrrGGrrrrrrrrGGrrrrr', 'traffic_light': 'Green', 'road': 'EW'}, {'duration': 15, 'str': 'rrrrrGGGrrrrrrrGGGrr', 'traffic_light': 'Green', 'road': 'NS'}, {'duration': 5, 'str': 'rrrrryyyrrrrrrryyyrr', 'traffic_light': 'Yellow', 'road': 'NS'}, {'duration': 5, 'str': 'rrrrrrrrGGrrrrrrrrGG', 'traffic_light': 'Green', 'road': 'EW'}]",Static,10,30.68888888888889
5,0,"[{'duration': 10, 'str': 'GrrrrrrrrrGrrrrrrrrr', 'traffic_light': 'Left Turn', 'road': 'NS'}, {'duration': 20, 'str': 'GGGGGrrrrrGGGGGrrrrr', 'traffic_light': 'Green', 'road': 'NS'}, {'duration': 5, 'str': 'YYYYYrrrrrYYYYYrrrrr', 'traffic_light': 'Yellow', 'road': 'NS'}, {'duration': 10, 'str': 'rrrrrGrrrrrrrrrGrrrr', 'traffic_light': 'Left Turn', 'road': 'EW'}, {'duration': 15, 'str': 'rrrrrGGGGGrrrrrGGGGG', 'traffic_light': 'Green', 'road': 'EW'}]",Group2,15,30.755102040816325
6,0,"[{'duration': 15, 'str': 'GGGrrrrrrrGGGrrrrrrr', 'traffic_light': 'Green', 'road': 'NS'}, {'duration': 5, 'str': 'yyyrrrrrrryyyrrrrrrr', 'traffic_light': 'Yellow', 'road': 'NS'}, {'duration': 5, 'str': 'rrrGGrrrrrrrrGGrrrrr', 'traffic_light': 'Green', 'road': 'EW'}, {'duration': 15, 'str': 'rrrrrGGGrrrrrrrGGGrr', 'traffic_light': 'Green', 'road': 'NS'}, {'duration': 5, 'str': 'rrrrryyyrrrrrrryyyrr', 'traffic_light': 'Yellow', 'road': 'NS'}, {'duration': 5, 'str': 'rrrrrrrrGGrrrrrrrrGG', 'traffic_light': 'Green', 'road': 'EW'}]",Static,17,30.35483870967742
6,0,"[{'duration': 15, 'str': 'rrrrrGGGGGrrrrrGGGGG', 'traffic_light': 'Green', 'road': 'EW'}, {'duration': 5, 'str': 'rrrrrYYYYYrrrrrYYYYY', 'traffic_light': 'Yellow', 'road': 'EW'}, {'duration': 10, 'str': 'GrrrrrrrrrGrrrrrrrrr', 'traffic_light': 'Left Turn', 'road': 'NS'}, {'duration': 25, 'str': 'GGGGGrrrrrGGGGGrrrrr', 'traffic_light': 'Green', 'road': 'NS'}, {'duration': 5, 'str': 'YYYYYrrrrrYYYYYrrrrr', 'traffic_light': 'Yellow', 'road': 'NS'}]",Group18,18,29.41791044776119
7,0,"[{'duration': 15, 'str': 'GGGrrrrrrrGGGrrrrrrr', 'traffic_light': 'Green', 'road': 'NS'}, {'duration': 5, 'str': 'yyyrrrrrrryyyrrrrrrr', 'traffic_light': 'Yellow', 'road': 'NS'}, {'duration': 5, 'str': 'rrrGGrrrrrrrrGGrrrrr', 'traffic_light': 'Green', 'road': 'EW'}, {'duration': 15, 'str': 'rrrrrGGGrrrrrrrGGGrr', 'traffic_light': 'Green', 'road': 'NS'}, {'duration': 5, 'str': 'rrrrryyyrrrrrrryyyrr', 'traffic_light': 'Yellow', 'road': 'NS'}, {'duration': 5, 'str': 'rrrrrrrrGGrrrrrrrrGG', 'traffic_light': 'Green', 'road': 'EW'}]",Static,11,29.16216216216216
7,0,"[{'duration': 10, 'str': 'GrrrrrrrrrGrrrrrrrrr', 'traffic_light': 'Left Turn', 'road': 'NS'}, {'duration': 20, 'str': 'GGGGGrrrrrGGGGGrrrrr', 'traffic_light': 'Green', 'road': 'NS'}, {'duration': 5, 'str': 'YYYYYrrrrrYYYYYrrrrr', 'traffic_light': 'Yellow', 'road': 'NS'}, {'duration': 10, 'str': 'rrrrrGrrrrrrrrrGrrrr', 'traffic_light': 'Left Turn', 'road': 'EW'}, {'duration': 15, 'str': 'rrrrrGGGGGrrrrrGGGGG', 'traffic_light': 'Green', 'road': 'EW'}]",Group2,18,28.64556962025317
8,0,"[{'duration': 15, 'str': 'GGGrrrrrrrGGGrrrrrrr', 'traffic_light': 'Green', 'road': 'NS'}, {'duration': 5, 'str': 'yyyrrrrrrryyyrrrrrrr', 'traffic_light': 'Yellow', 'road': 'NS'}, {'duration': 5, 'str': 'rrrGGrrrrrrrrGGrrrrr', 'traffic_light': 'Green', 'road': 'EW'}, {'duration': 15, 'str': 'rrrrrGGGrrrrrrrGGGrr', 'traffic_light': 'Green', 'road': 'NS'}, {'duration': 5, 'str': 'rrrrryyyrrrrrrryyyrr', 'traffic_light': 'Yellow', 'road': 'NS'}, {'duration': 5, 'str': 'rrrrrrrrGGrrrrrrrrGG', 'traffic_light': 'Green', 'road': 'EW'}]",Static,14,28.788888888888888
8,0,"[{'duration': 15, 'str': 'GGGGGrrrrrrrrrrrrrrr', 'traffic_light': 'Green', 'road': 'N'}, {'duration': 5, 'str': 'YYYYYrrrrrrrrrrrrrrr', 'traffic_light': 'Yellow', 'road': 'N'}, {'duration': 15, 'str': 'rrrrrGGGGGrrrrrrrrrr', 'traffic_light': 'Green', 'road': 'S'}, {'duration': 5, 'str': 'rrrrrYYYYYrrrrrrrrrr', 'traffic_light': 'Yellow', 'road': 'S'}, {'duration': 15, 'str': 'rrrrrrrrrrGGGGGrrrrr', 'traffic_light': 'Green', 'road': 'E'}, {'duration': 5, 'str': 'rrrrrrrrrrYYYYYrrrrr', 'traffic_light': 'Yellow', 'road': 'E'}]",Group1,11,28.593406593406595
9,0,"[{'duration': 15, 'str': 'GGGrrrrrrrGGGrrrrrrr', 'traffic_light': 'Green', 'road': 'NS'}, {'duration': 5, 'str': 'yyyrrrrrrryyyrrrrrrr', 'traffic_light': 'Yellow', 'road': 'NS'}, {'duration': 5, 'str': 'rrrGGrrrrrrrrGGrrrrr', 'traffic_light': 'Green', 'road': 'EW'}, {'duration': 15, 'str': 'rrrrrGGGrrrrrrrGGGrr', 'traffic_light': 'Green', 'road': 'NS'}, {'duration': 5, 'str': 'rrrrryyyrrrrrrryyyrr', 'traffic_light': 'Yellow', 'road': 'NS'}, {'duration': 5, 'str': 'rrrrrrrrGGrrrrrrrrGG', 'traffic_light': 'Green', 'road': 'EW'}]",Static,17,29.20952380952381
9,0,"[{'duration': 10, 'str': 'GrrrrrrrrrGrrrrrrrrr', 'traffic_light': 'Left Turn', 'road': 'NS'}, {'duration': 20, 'str': 'GGGGGrrrrrGGGGGrrrrr', 'traffic_light': 'Green', 'road': 'NS'}, {'duration': 5, 'str': 'YYYYYrrrrrYYYYYrrrrr', 'traffic_light': 'Yellow', 'road': 'NS'}, {'duration': 10, 'str': 'rrrrrGrrrrrrrrrGrrrr', 'traffic_light': 'Left Turn', 'road': 'EW'}, {'duration': 15, 'str': 'rrrrrGGGGGrrrrrGGGGG', 'traffic_light': 'Green', 'road': 'EW'}]",Group2,13,28.954128440366972
10,0,"[{'duration': 15, 'str': 'GGGrrrrrrrGGGrrrrrrr', 'traffic_light': 'Green', 'road': 'NS'}, {'duration': 5, 'str': 'yyyrrrrrrryyyrrrrrrr', 'traffic_light': 'Yellow', 'road': 'NS'}, {'duration': 5, 'str': 'rrrGGrrrrrrrrGGrrrrr', 'traffic_light': 'Green', 'road': 'EW'}, {'duration': 15, 'str': 'rrrrrGGGrrrrrrrGGGrr', 'traffic_light': 'Green', 'road': 'NS'}, {'duration': 5, 'str': 'rrrrryyyrrrrrrryyyrr', 'traffic_light': 'Yellow', 'road': 'NS'}, {'duration': 5, 'str': 'rrrrrrrrGGrrrrrrrrGG', 'traffic_light': 'Green', 'road': 'EW'}]",Static,9,28.767857142857142
10,0,"[{'duration': 5, 'str': 'rrrrrGrrrrrrrrrGrrrr', 'traffic_light': 'Left Turn', 'road': 'EW'}, {'duration': 25, 'str': 'rrrrrGGGGGrrrrrGGGGG', 'traffic_light': 'Green', 'road': 'EW'}, {'duration': 5, 'str': 'rrrrrYYYYYrrrrrYYYYY', 'traffic_light': 'Yellow', 'road': 'EW'}, {'duration': 25, 'str': 'GGGGGrrrrrGGGGGrrrrr', 'traffic_light': 'Green', 'road': 'NS'}, {'duration': 5, 'str': 'YYYYYrrrrrYYYYYrrrrr', 'traffic_light': 'Yellow', 'road': 'NS'}]",Group15,11,28.310924369747895
11,0,"[{'duration': 15, 'str': 'GGGrrrrrrrGGGrrrrrrr', 'traffic_light': 'Green', 'road': 'NS'}, {'duration': 5, 'str': 'yyyrrrrrrryyyrrrrrrr', 'traffic_light': 'Yellow', 'road': 'NS'}, {'duration': 5, 'str': 'rrrGGrrrrrrrrGGrrrrr', 'traffic_light': 'Green', 'road': 'EW'}, {'duration': 15, 'str': 'rrrrrGGGrrrrrrrGGGrr', 'traffic_light': 'Green', 'road': 'NS'}, {'duration': 5, 'str': 'rrrrryyyrrrrrrryyyrr', 'traffic_light': 'Yellow', 'road': 'NS'}, {'duration': 5, 'str': 'rrrrrrrrGGrrrrrrrrGG', 'traffic_light': 'Green', 'road': 'EW'}]",Static,16,28.65648854961832
11,0,"[{'duration': 10, 'str': 'GrrrrrrrrrGrrrrrrrrr', 'traffic_light': 'Left Turn', 'road': 'NS'}, {'duration': 20, 'str': 'GGGGGrrrrrGGGGGrrrrr', 'traffic_light': 'Green', 'road': 'NS'}, {'duration': 5, 'str': 'YYYYYrrrrrYYYYYrrrrr', 'traffic_light': 'Yellow', 'road': 'NS'}, {'duration': 10, 'str': 'rrrrrGrrrrrrrrrGrrrr', 'traffic_light': 'Left Turn', 'road': 'EW'}, {'duration': 15, 'str': 'rrrrrGGGGGrrrrrGGGGG', 'traffic_light': 'Green', 'road': 'EW'}]",Group2,14,28.345588235294116
12,0,"[{'duration': 15, 'str': 'GGGrrrrrrrGGGrrrrrrr', 'traffic_light': 'Green', 'road': 'NS'}, {'duration': 5, 'str': 'yyyrrrrrrryyyrrrrrrr', 'traffic_light': 'Yellow', 'road': 'NS'}, {'duration': 5, 'str': 'rrrGGrrrrrrrrGGrrrrr', 'traffic_light': 'Green', 'road': 'EW'}, {'duration': 15, 'str': 'rrrrrGGGrrrrrrrGGGrr', 'traffic_light': 'Green', 'road': 'NS'}, {'duration': 5, 'str': 'rrrrryyyrrrrrrryyyrr', 'traffic_light': 'Yellow', 'road': 'NS'}, {'duration': 5, 'str': 'rrrrrrrrGGrrrrrrrrGG', 'traffic_light': 'Green', 'road': 'EW'}]",Static,10,28.587412587412587
12,0,"[{'duration': 15, 'str': 'rrrrrGGGGGrrrrrGGGGG', 'traffic_light': 'Green', 'road': 'EW'}, {'duration': 5, 'str': 'rrrrrYYYYYrrrrrYYYYY', 'traffic_light': 'Yellow', 'road': 'EW'}, {'duration': 10, 'str': 'GrrrrrrrrrGrrrrrrrrr', 'traffic_light': 'Left Turn', 'road': 'NS'}, {'duration': 25, 'str': 'GGGGGrrrrrGGGGGrrrrr', 'traffic_light': 'Green', 'road': 'NS'}, {'duration': 5, 'str': 'YYYYYrrrrrYYYYYrrrrr', 'traffic_light': 'Yellow', 'road': 'NS'}]",Group18,18,27.974358974358974
13,0,"[{'duration': 15, 'str': 'GGGrrrrrrrGGGrrrrrrr', 'traffic_light': 'Green', 'road': 'NS'}, {'duration': 5, 'str': 'yyyrrrrrrryyyrrrrrrr', 'traffic_light': 'Yellow', 'road': 'NS'}, {'duration': 5, 'str': 'rrrGGrrrrrrrrGGrrrrr', 'traffic_light': 'Green', 'road': 'EW'}, {'duration': 15, 'str': 'rrrrrGGGrrrrrrrGGGrr', 'traffic_light': 'Green', 'road': 'NS'}, {'duration': 5, 'str': 'rrrrryyyrrrrrrryyyrr', 'traffic_light': 'Yellow', 'road': 'NS'}, {'duration': 5, 'str': 'rrrrrrrrGGrrrrrrrrGG', 'traffic_light': 'Green', 'road': 'EW'}]",Static,23,28.135802469135804
13,0,"[{'duration': 15, 'str': 'GGGGGrrrrrrrrrrrrrrr', 'traffic_light': 'Green', 'road': 'N'}, {'duration': 5, 'str': 'YYYYYrrrrrrrrrrrrrrr', 'traffic_light': 'Yellow', 'road': 'N'}, {'duration': 15, 'str': 'rrrrrGGGGGrrrrrrrrrr', 'traffic_light': 'Green', 'road': 'S'}, {'duration': 5, 'str': 'rrrrrYYYYYrrrrrrrrrr', 'traffic_light': 'Yellow', 'road': 'S'}, {'duration': 15, 'str': 'rrrrrrrrrrGGGGGrrrrr', 'traffic_light': 'Green', 'road': 'E'}, {'duration': 5, 'str': 'rrrrrrrrrrYYYYYrrrrr', 'traffic_light': 'Yellow', 'road': 'E'}]",Group1,14,28.135802469135804
14,0,"[{'duration': 15, 'str': 'GGGrrrrrrrGGGrrrrrrr', 'traffic_light': 'Green', 'road': 'NS'}, {'duration': 5, 'str': 'yyyrrrrrrryyyrrrrrrr', 'traffic_light': 'Yellow', 'road': 'NS'}, {'duration': 5, 'str': 'rrrGGrrrrrrrrGGrrrrr', 'traffic_light': 'Green', 'road': 'EW'}, {'duration': 15, 'str': 'rrrrrGGGrrrrrrrGGGrr', 'traffic_light': 'Green', 'road': 'NS'}, {'duration': 5, 'str': 'rrrrryyyrrrrrrryyyrr', 'traffic_light': 'Yellow', 'road': 'NS'}, {'duration': 5, 'str': 'rrrrrrrrGGrrrrrrrrGG', 'traffic_light': 'Green', 'road': 'EW'}]",Static,44,27.313186813186817
14,0,"[{'duration': 12, 'str': 'GGGGGrrrrrGGGGGrrrrr', 'traffic_light': 'Green', 'road': 'NS'}, {'duration': 3, 'str': 'YYYYYrrrrrYYYYYrrrrr', 'traffic_light': 'Yellow', 'road': 'NS'}, {'duration': 12, 'str': 'rrrrrGGGGGrrrrrGGGGG', 'traffic_light': 'Green', 'road': 'EW'}, {'duration': 3, 'str': 'rrrrrYYYYYrrrrrYYYYY', 'traffic_light': 'Yellow', 'road': 'EW'}, {'duration': 6, 'str': 'Grrrrrrrrrrrrrrrrrrr', 'traffic_light': 'Left Turn', 'road': 'N'}, {'duration': 6, 'str': 'rrrrrGrrrrrrrrrrrrrr', 'traffic_light': 'Left Turn', 'road': 'S'}, {'duration': 6, 'str': 'rrrrrrrrrGrrrrrrrrrr', 'traffic_light': 'Left Turn', 'road': 'E'}, {'duration': 6, 'str': 'rrrrrrrrrrrrrrrGrrrr', 'traffic_light': 'Left Turn', 'road': 'W'}, {'duration': 6, 'str': 'GGGGGrrrrrGGGGGrrrrr', 'traffic_light': 'Green', 'road': 'NS'}]",Group7,42,27.17801047120419
15,0,"[{'duration': 15, 'str': 'GGGrrrrrrrGGGrrrrrrr', 'traffic_light': 'Green', 'road': 'NS'}, {'duration': 5, 'str': 'yyyrrrrrrryyyrrrrrrr', 'traffic_light': 'Yellow', 'road': 'NS'}, {'duration': 5, 'str': 'rrrGGrrrrrrrrGGrrrrr', 'traffic_light': 'Green', 'road': 'EW'}, {'duration': 15, 'str': 'rrrrrGGGrrrrrrrGGGrr', 'traffic_light': 'Green', 'road': 'NS'}, {'duration': 5, 'str': 'rrrrryyyrrrrrrryyyrr', 'traffic_light': 'Yellow', 'road': 'NS'}, {'duration': 5, 'str': 'rrrrrrrrGGrrrrrrrrGG', 'traffic_light': 'Green', 'road': 'EW'}]",Static,24,27.323529411764707
15,0,"[{'duration': 10, 'str': 'GrrrrrrrrrGrrrrrrrrr', 'traffic_light': 'Left Turn', 'road': 'NS'}, {'duration': 17, 'str': 'GGGGGrrrrrGGGGGrrrrr', 'traffic_light': 'Green', 'road': 'NS'}, {'duration': 6, 'str': 'YYYYYrrrrrYYYYYrrrrr', 'traffic_light': 'Yellow', 'road': 'NS'}, {'duration': 10, 'str': 'rrrrrGrrrrrrrrrGrrrr', 'traffic_light': 'Left Turn', 'road': 'EW'}, {'duration': 17, 'str': 'rrrrrGGGGGrrrrrGGGGG', 'traffic_light': 'Green', 'road': 'EW'}]",Group17,25,27.20754716981132
16,0,"[{'duration': 15, 'str': 'GGGrrrrrrrGGGrrrrrrr', 'traffic_light': 'Green', 'road': 'NS'}, {'duration': 5, 'str': 'yyyrrrrrrryyyrrrrrrr', 'traffic_light': 'Yellow', 'road': 'NS'}, {'duration': 5, 'str': 'rrrGGrrrrrrrrGGrrrrr', 'traffic_light': 'Green', 'road': 'EW'}, {'duration': 15, 'str': 'rrrrrGGGrrrrrrrGGGrr', 'traffic_light': 'Green', 'road': 'NS'}, {'duration': 5, 'str': 'rrrrryyyrrrrrrryyyrr', 'traffic_light': 'Yellow', 'road': 'NS'}, {'duration': 5, 'str': 'rrrrrrrrGGrrrrrrrrGG', 'traffic_light': 'Green', 'road': 'EW'}]",Static,39,27.214285714285715
16,0,"[{'duration': 10, 'str': 'rrrrrGrrrrrrrrrGrrrr', 'traffic_light': 'Left Turn', 'road': 'EW'}, {'duration': 15, 'str': 'rrrrrGGGGGrrrrrGGGGG', 'traffic_light': 'Green', 'road': 'EW'}, {'duration': 5, 'str': 'rrrrrYYYYYrrrrrYYYYY', 'traffic_light': 'Yellow', 'road': 'EW'}, {'duration': 10, 'str': 'GrrrrrrrrrGrrrrrrrrr', 'traffic_light': 'Left Turn', 'road': 'NS'}, {'duration': 15, 'str': 'GGGGGrrrrrGGGGGrrrrr', 'traffic_light': 'Green', 'road': 'NS'}, {'duration': 5, 'str': 'YYYYYrrrrrYYYYYrrrrr', 'traffic_light': 'Yellow', 'road': 'NS'}]",Group10,38,27.23684210526316
17,0,"[{'duration': 15, 'str': 'GGGrrrrrrrGGGrrrrrrr', 'traffic_light': 'Green', 'road': 'NS'}, {'duration': 5, 'str': 'yyyrrrrrrryyyrrrrrrr', 'traffic_light': 'Yellow', 'road': 'NS'}, {'duration': 5, 'str': 'rrrGGrrrrrrrrGGrrrrr', 'traffic_light': 'Green', 'road': 'EW'}, {'duration': 15, 'str': 'rrrrrGGGrrrrrrrGGGrr', 'traffic_light': 'Green', 'road': 'NS'}, {'duration': 5, 'str': 'rrrrryyyrrrrrrryyyrr', 'traffic_light': 'Yellow', 'road': 'NS'}, {'duration': 5, 'str': 'rrrrrrrrGGrrrrrrrrGG', 'traffic_light': 'Green', 'road': 'EW'}]",Static,29,27.4859437751004
17,0,"[{'duration': 10, 'str': 'rrrrrGrrrrrrrrrGrrrr', 'traffic_light': 'Left Turn', 'road': 'EW'}, {'duration': 15, 'str': 'rrrrrGGGGGrrrrrGGGGG', 'traffic_light': 'Green', 'road': 'EW'}, {'duration': 5, 'str': 'rrrrrYYYYYrrrrrYYYYY', 'traffic_light': 'Yellow', 'road': 'EW'}, {'duration': 10, 'str': 'GrrrrrrrrrGrrrrrrrrr', 'traffic_light': 'Left Turn', 'road': 'NS'}, {'duration': 15, 'str': 'GGGGGrrrrrGGGGGrrrrr', 'traffic_light': 'Green', 'road': 'NS'}, {'duration': 5, 'str': 'YYYYYrrrrrYYYYYrrrrr', 'traffic_light': 'Yellow', 'road': 'NS'}]",Group10,29,27.068441064638783
18,0,"[{'duration': 15, 'str': 'GGGrrrrrrrGGGrrrrrrr', 'traffic_light': 'Green', 'road': 'NS'}, {'duration': 5, 'str': 'yyyrrrrrrryyyrrrrrrr', 'traffic_light': 'Yellow', 'road': 'NS'}, {'duration': 5, 'str': 'rrrGGrrrrrrrrGGrrrrr', 'traffic_light': 'Green', 'road': 'EW'}, {'duration': 15, 'str': 'rrrrrGGGrrrrrrrGGGrr', 'traffic_light': 'Green', 'road': 'NS'}, {'duration': 5, 'str': 'rrrrryyyrrrrrrryyyrr', 'traffic_light': 'Yellow', 'road': 'NS'}, {'duration': 5, 'str': 'rrrrrrrrGGrrrrrrrrGG', 'traffic_light': 'Green', 'road': 'EW'}]",Static,34,27.667857142857144
18,0,"[{'duration': 10, 'str': 'rrrrrGrrrrrrrrrGrrrr', 'traffic_light': 'Left Turn', 'road': 'EW'}, {'duration': 20, 'str': 'rrrrrGGGGGrrrrrGGGGG', 'traffic_light': 'Green', 'road': 'EW'}, {'duration': 5, 'str': 'rrrrrYYYYYrrrrrYYYYY', 'traffic_light': 'Yellow', 'road': 'EW'}, {'duration': 10, 'str': 'GrrrrrrrrrGrrrrrrrrr', 'traffic_light': 'Left Turn', 'road': 'NS'}, {'duration': 15, 'str': 'GGGGGrrrrrGGGGGrrrrr', 'traffic_light': 'Green', 'road': 'NS'}]",Group6,37,27.74652777777778
19,0,"[{'duration': 15, 'str': 'GGGrrrrrrrGGGrrrrrrr', 'traffic_light': 'Green', 'road': 'NS'}, {'duration': 5, 'str': 'yyyrrrrrrryyyrrrrrrr', 'traffic_light': 'Yellow', 'road': 'NS'}, {'duration': 5, 'str': 'rrrGGrrrrrrrrGGrrrrr', 'traffic_light': 'Green', 'road': 'EW'}, {'duration': 15, 'str': 'rrrrrGGGrrrrrrrGGGrr', 'traffic_light': 'Green', 'road': 'NS'}, {'duration': 5, 'str': 'rrrrryyyrrrrrrryyyrr', 'traffic_light': 'Yellow', 'road': 'NS'}, {'duration': 5, 'str': 'rrrrrrrrGGrrrrrrrrGG', 'traffic_light': 'Green', 'road': 'EW'}]",Static,28,27.875
19,0,"[{'duration': 10, 'str': 'rrrrrGrrrrrrrrrGrrrr', 'traffic_light': 'Left Turn', 'road': 'EW'}, {'duration': 15, 'str': 'rrrrrGGGGGrrrrrGGGGG', 'traffic_light': 'Green', 'road': 'EW'}, {'duration': 5, 'str': 'rrrrrYYYYYrrrrrYYYYY', 'traffic_light': 'Yellow', 'road': 'EW'}, {'duration': 10, 'str': 'GrrrrrrrrrGrrrrrrrrr', 'traffic_light': 'Left Turn', 'road': 'NS'}, {'duration': 15, 'str': 'GGGGGrrrrrGGGGGrrrrr', 'traffic_light': 'Green', 'road': 'NS'}, {'duration': 5, 'str': 'YYYYYrrrrrYYYYYrrrrr', 'traffic_light': 'Yellow', 'road': 'NS'}]",Group10,29,27.585365853658537
20,0,"[{'duration': 15, 'str': 'GGGrrrrrrrGGGrrrrrrr', 'traffic_light': 'Green', 'road': 'NS'}, {'duration': 5, 'str': 'yyyrrrrrrryyyrrrrrrr', 'traffic_light': 'Yellow', 'road': 'NS'}, {'duration': 5, 'str': 'rrrGGrrrrrrrrGGrrrrr', 'traffic_light': 'Green', 'road': 'EW'}, {'duration': 15, 'str': 'rrrrrGGGrrrrrrrGGGrr', 'traffic_light': 'Green', 'road': 'NS'}, {'duration': 5, 'str': 'rrrrryyyrrrrrrryyyrr', 'traffic_light': 'Yellow', 'road': 'NS'}, {'duration': 5, 'str': 'rrrrrrrrGGrrrrrrrrGG', 'traffic_light': 'Green', 'road': 'EW'}]",Static,36,27.66857142857143
20,0,"[{'duration': 18, 'str': 'rrrrrGGGGGrrrrrGGGGG', 'traffic_light': 'Green', 'road': 'EW'}, {'duration': 5, 'str': 'rrrrrYYYYYrrrrrYYYYY', 'traffic_light': 'Yellow', 'road': 'EW'}, {'duration': 18, 'str': 'GGGGGrrrrrGGGGGrrrrr', 'traffic_light': 'Green', 'road': 'NS'}, {'duration': 5, 'str': 'YYYYYrrrrrYYYYYrrrrr', 'traffic_light': 'Yellow', 'road': 'NS'}, {'duration': 10, 'str': 'rrrrrGrrrrrrrrrGrrrr', 'traffic_light': 'Left Turn', 'road': 'EW'}, {'duration': 4, 'str': 'rrrrrYYYYYrrrrrYYYYY', 'traffic_light': 'Yellow', 'road': 'EW'}]",Group12,31,27.60845070422535
21,0,"[{'duration': 15, 'str': 'GGGrrrrrrrGGGrrrrrrr', 'traffic_light': 'Green', 'road': 'NS'}, {'duration': 5, 'str': 'yyyrrrrrrryyyrrrrrrr', 'traffic_light': 'Yellow', 'road': 'NS'}, {'duration': 5, 'str': 'rrrGGrrrrrrrrGGrrrrr', 'traffic_light': 'Green', 'road': 'EW'}, {'duration': 15, 'str': 'rrrrrGGGrrrrrrrGGGrr', 'traffic_light': 'Green', 'road': 'NS'}, {'duration': 5, 'str': 'rrrrryyyrrrrrrryyyrr', 'traffic_light': 'Yellow', 'road': 'NS'}, {'duration': 5, 'str': 'rrrrrrrrGGrrrrrrrrGG', 'traffic_light': 'Green', 'road': 'EW'}]",Static,27,27.873015873015873
21,0,"[{'duration': 12, 'str': 'GGGGGrrrrrGGGGGrrrrr', 'traffic_light': 'Green', 'road': 'NS'}, {'duration': 3, 'str': 'YYYYYrrrrrYYYYYrrrrr', 'traffic_light': 'Yellow', 'road': 'NS'}, {'duration': 12, 'str': 'rrrrrGGGGGrrrrrGGGGG', 'traffic_light': 'Green', 'road': 'EW'}, {'duration': 3, 'str': 'rrrrrYYYYYrrrrrYYYYY', 'traffic_light': 'Yellow', 'road': 'EW'}, {'duration': 6, 'str': 'Grrrrrrrrrrrrrrrrrrr', 'traffic_light': 'Left Turn', 'road': 'N'}, {'duration': 6, 'str': 'rrrrrGrrrrrrrrrrrrrr', 'traffic_light': 'Left Turn', 'road': 'S'}, {'duration': 6, 'str': 'rrrrrrrrrGrrrrrrrrrr', 'traffic_light': 'Left Turn', 'road': 'E'}, {'duration': 6, 'str': 'rrrrrrrrrrrrrrrGrrrr', 'traffic_light': 'Left Turn', 'road': 'W'}, {'duration': 6, 'str': 'GGGGGrrrrrGGGGGrrrrr', 'traffic_light': 'Green', 'road': 'NS'}]",Group7,22,27.555269922879177
22,0,"[{'duration': 15, 'str': 'GGGrrrrrrrGGGrrrrrrr', 'traffic_light': 'Green', 'road': 'NS'}, {'duration': 5, 'str': 'yyyrrrrrrryyyrrrrrrr', 'traffic_light': 'Yellow', 'road': 'NS'}, {'duration': 5, 'str': 'rrrGGrrrrrrrrGGrrrrr', 'traffic_light': 'Green', 'road': 'EW'}, {'duration': 15, 'str': 'rrrrrGGGrrrrrrrGGGrr', 'traffic_light': 'Green', 'road': 'NS'}, {'duration': 5, 'str': 'rrrrryyyrrrrrrryyyrr', 'traffic_light': 'Yellow', 'road': 'NS'}, {'duration': 5, 'str': 'rrrrrrrrGGrrrrrrrrGG', 'traffic_light': 'Green', 'road': 'EW'}]",Static,41,27.70171149144254
22,0,"[{'duration': 15, 'str': 'rrrrrGGGGGrrrrrGGGGG', 'traffic_light': 'Green', 'road': 'EW'}, {'duration': 5, 'str': 'rrrrrYYYYYrrrrrYYYYY', 'traffic_light': 'Yellow', 'road': 'EW'}, {'duration': 10, 'str': 'GrrrrrrrrrGrrrrrrrrr', 'traffic_light': 'Left Turn', 'road': 'NS'}, {'duration': 25, 'str': 'GGGGGrrrrrGGGGGrrrrr', 'traffic_light': 'Green', 'road': 'NS'}, {'duration': 5, 'str': 'YYYYYrrrrrYYYYYrrrrr', 'traffic_light': 'Yellow', 'road': 'NS'}]",Group18,52,27.520094562647753
23,0,"[{'duration': 15, 'str': 'GGGrrrrrrrGGGrrrrrrr', 'traffic_light': 'Green', 'road': 'NS'}, {'duration': 5, 'str': 'yyyrrrrrrryyyrrrrrrr', 'traffic_light': 'Yellow', 'road': 'NS'}, {'duration': 5, 'str': 'rrrGGrrrrrrrrGGrrrrr', 'traffic_light': 'Green', 'road': 'EW'}, {'duration': 15, 'str': 'rrrrrGGGrrrrrrrGGGrr', 'traffic_light': 'Green', 'road': 'NS'}, {'duration': 5, 'str': 'rrrrryyyrrrrrrryyyrr', 'traffic_light': 'Yellow', 'road': 'NS'}, {'duration': 5, 'str': 'rrrrrrrrGGrrrrrrrrGG', 'traffic_light': 'Green', 'road': 'EW'}]",Static,33,27.483221476510067
23,0,"[{'duration': 12, 'str': 'GGGGGrrrrrGGGGGrrrrr', 'traffic_light': 'Green', 'road': 'NS'}, {'duration': 3, 'str': 'YYYYYrrrrrYYYYYrrrrr', 'traffic_light': 'Yellow', 'road': 'NS'}, {'duration': 12, 'str': 'rrrrrGGGGGrrrrrGGGGG', 'traffic_light': 'Green', 'road': 'EW'}, {'duration': 3, 'str': 'rrrrrYYYYYrrrrrYYYYY', 'traffic_light': 'Yellow', 'road': 'EW'}, {'duration': 6, 'str': 'Grrrrrrrrrrrrrrrrrrr', 'traffic_light': 'Left Turn', 'road': 'N'}, {'duration': 6, 'str': 'rrrrrGrrrrrrrrrrrrrr', 'traffic_light': 'Left Turn', 'road': 'S'}, {'duration': 6, 'str': 'rrrrrrrrrGrrrrrrrrrr', 'traffic_light': 'Left Turn', 'road': 'E'}, {'duration': 6, 'str': 'rrrrrrrrrrrrrrrGrrrr', 'traffic_light': 'Left Turn', 'road': 'W'}, {'duration': 6, 'str': 'GGGGGrrrrrGGGGGrrrrr', 'traffic_light': 'Green', 'road': 'NS'}]",Group7,31,27.08779443254818
24,0,"[{'duration': 15, 'str': 'GGGrrrrrrrGGGrrrrrrr', 'traffic_light': 'Green', 'road': 'NS'}, {'duration': 5, 'str': 'yyyrrrrrrryyyrrrrrrr', 'traffic_light': 'Yellow', 'road': 'NS'}, {'duration': 5, 'str': 'rrrGGrrrrrrrrGGrrrrr', 'traffic_light': 'Green', 'road': 'EW'}, {'duration': 15, 'str': 'rrrrrGGGrrrrrrrGGGrr', 'traffic_light': 'Green', 'road': 'NS'}, {'duration': 5, 'str': 'rrrrryyyrrrrrrryyyrr', 'traffic_light': 'Yellow', 'road': 'NS'}, {'duration': 5, 'str': 'rrrrrrrrGGrrrrrrrrGG', 'traffic_light': 'Green', 'road': 'EW'}]",Static,34,27.387163561076605
24,0,"[{'duration': 10, 'str': 'rrrrrGrrrrrrrrrGrrrr', 'traffic_light': 'Left Turn', 'road': 'EW'}, {'duration': 15, 'str': 'rrrrrGGGGGrrrrrGGGGG', 'traffic_light': 'Green', 'road': 'EW'}, {'duration': 5, 'str': 'rrrrrYYYYYrrrrrYYYYY', 'traffic_light': 'Yellow', 'road': 'EW'}, {'duration': 10, 'str': 'GrrrrrrrrrGrrrrrrrrr', 'traffic_light': 'Left Turn', 'road': 'NS'}, {'duration': 15, 'str': 'GGGGGrrrrrGGGGGrrrrr', 'traffic_light': 'Green', 'road': 'NS'}, {'duration': 5, 'str': 'YYYYYrrrrrYYYYYrrrrr', 'traffic_light': 'Yellow', 'road': 'NS'}]",Group10,43,27.30060120240481
25,0,"[{'duration': 15, 'str': 'GGGrrrrrrrGGGrrrrrrr', 'traffic_light': 'Green', 'road': 'NS'}, {'duration': 5, 'str': 'yyyrrrrrrryyyrrrrrrr', 'traffic_light': 'Yellow', 'road': 'NS'}, {'duration': 5, 'str': 'rrrGGrrrrrrrrGGrrrrr', 'traffic_light': 'Green', 'road': 'EW'}, {'duration': 15, 'str': 'rrrrrGGGrrrrrrrGGGrr', 'traffic_light': 'Green', 'road': 'NS'}, {'duration': 5, 'str': 'rrrrryyyrrrrrrryyyrr', 'traffic_light': 'Yellow', 'road': 'NS'}, {'duration': 5, 'str': 'rrrrrrrrGGrrrrrrrrGG', 'traffic_light': 'Green', 'road': 'EW'}]",Static,31,27.059615384615384
25,0,"[{'duration': 10, 'str': 'rrrrrGrrrrrrrrrGrrrr', 'traffic_light': 'Left Turn', 'road': 'EW'}, {'duration': 15, 'str': 'rrrrrGGGGGrrrrrGGGGG', 'traffic_light': 'Green', 'road': 'EW'}, {'duration': 5, 'str': 'rrrrrYYYYYrrrrrYYYYY', 'traffic_light': 'Yellow', 'road': 'EW'}, {'duration': 10, 'str': 'GrrrrrrrrrGrrrrrrrrr', 'traffic_light': 'Left Turn', 'road': 'NS'}, {'duration': 15, 'str': 'GGGGGrrrrrGGGGGrrrrr', 'traffic_light': 'Green', 'road': 'NS'}, {'duration': 5, 'str': 'YYYYYrrrrrYYYYYrrrrr', 'traffic_light': 'Yellow', 'road': 'NS'}]",Group10,26,26.88682745825603
26,0,"[{'duration': 15, 'str': 'GGGrrrrrrrGGGrrrrrrr', 'traffic_light': 'Green', 'road': 'NS'}, {'duration': 5, 'str': 'yyyrrrrrrryyyrrrrrrr', 'traffic_light': 'Yellow', 'road': 'NS'}, {'duration': 5, 'str': 'rrrGGrrrrrrrrGGrrrrr', 'traffic_light': 'Green', 'road': 'EW'}, {'duration': 15, 'str': 'rrrrrGGGrrrrrrrGGGrr', 'traffic_light': 'Green', 'road': 'NS'}, {'duration': 5, 'str': 'rrrrryyyrrrrrrryyyrr', 'traffic_light': 'Yellow', 'road': 'NS'}, {'duration': 5, 'str': 'rrrrrrrrGGrrrrrrrrGG', 'traffic_light': 'Green', 'road': 'EW'}]",Static,21,26.988970588235293
26,0,"[{'duration': 10, 'str': 'rrrrrGrrrrrrrrrGrrrr', 'traffic_light': 'Left Turn', 'road': 'EW'}, {'duration': 15, 'str': 'rrrrrGGGGGrrrrrGGGGG', 'traffic_light': 'Green', 'road': 'EW'}, {'duration': 5, 'str': 'rrrrrYYYYYrrrrrYYYYY', 'traffic_light': 'Yellow', 'road': 'EW'}, {'duration': 10, 'str': 'GrrrrrrrrrGrrrrrrrrr', 'traffic_light': 'Left Turn', 'road': 'NS'}, {'duration': 15, 'str': 'GGGGGrrrrrGGGGGrrrrr', 'traffic_light': 'Green', 'road': 'NS'}, {'duration': 5, 'str': 'YYYYYrrrrrYYYYYrrrrr', 'traffic_light': 'Yellow', 'road': 'NS'}]",Group10,27,26.925992779783392
27,0,"[{'duration': 15, 'str': 'GGGrrrrrrrGGGrrrrrrr', 'traffic_light': 'Green', 'road': 'NS'}, {'duration': 5, 'str': 'yyyrrrrrrryyyrrrrrrr', 'traffic_light': 'Yellow', 'road': 'NS'}, {'duration': 5, 'str': 'rrrGGrrrrrrrrGGrrrrr', 'traffic_light': 'Green', 'road': 'EW'}, {'duration': 15, 'str': 'rrrrrGGGrrrrrrrGGGrr', 'traffic_light': 'Green', 'road': 'NS'}, {'duration': 5, 'str': 'rrrrryyyrrrrrrryyyrr', 'traffic_light': 'Yellow', 'road': 'NS'}, {'duration': 5, 'str': 'rrrrrrrrGGrrrrrrrrGG', 'traffic_light': 'Green', 'road': 'EW'}]",Static,18,27.076923076923077
27,0,"[{'duration': 12, 'str': 'GGGGGrrrrrGGGGGrrrrr', 'traffic_light': 'Green', 'road': 'NS'}, {'duration': 3, 'str': 'YYYYYrrrrrYYYYYrrrrr', 'traffic_light': 'Yellow', 'road': 'NS'}, {'duration': 12, 'str': 'rrrrrGGGGGrrrrrGGGGG', 'traffic_light': 'Green', 'road': 'EW'}, {'duration': 3, 'str': 'rrrrrYYYYYrrrrrYYYYY', 'traffic_light': 'Yellow', 'road': 'EW'}, {'duration': 6, 'str': 'Grrrrrrrrrrrrrrrrrrr', 'traffic_light': 'Left Turn', 'road': 'N'}, {'duration': 6, 'str': 'rrrrrGrrrrrrrrrrrrrr', 'traffic_light': 'Left Turn', 'road': 'S'}, {'duration': 6, 'str': 'rrrrrrrrrGrrrrrrrrrr', 'traffic_light': 'Left Turn', 'road': 'E'}, {'duration': 6, 'str': 'rrrrrrrrrrrrrrrGrrrr', 'traffic_light': 'Left Turn', 'road': 'W'}, {'duration': 6, 'str': 'GGGGGrrrrrGGGGGrrrrr', 'traffic_light': 'Green', 'road': 'NS'}]",Group7,21,27.04609929078014
28,0,"[{'duration': 15, 'str': 'GGGrrrrrrrGGGrrrrrrr', 'traffic_light': 'Green', 'road': 'NS'}, {'duration': 5, 'str': 'yyyrrrrrrryyyrrrrrrr', 'traffic_light': 'Yellow', 'road': 'NS'}, {'duration': 5, 'str': 'rrrGGrrrrrrrrGGrrrrr', 'traffic_light': 'Green', 'road': 'EW'}, {'duration': 15, 'str': 'rrrrrGGGrrrrrrrGGGrr', 'traffic_light': 'Green', 'road': 'NS'}, {'duration': 5, 'str': 'rrrrryyyrrrrrrryyyrr', 'traffic_light': 'Yellow', 'road': 'NS'}, {'duration': 5, 'str': 'rrrrrrrrGGrrrrrrrrGG', 'traffic_light': 'Green', 'road': 'EW'}]",Static,31,26.987762237762237
28,0,"[{'duration': 15, 'str': 'GGGGGrrrrrrrrrrrrrrr', 'traffic_light': 'Green', 'road': 'N'}, {'duration': 5, 'str': 'YYYYYrrrrrrrrrrrrrrr', 'traffic_light': 'Yellow', 'road': 'N'}, {'duration': 15, 'str': 'rrrrrGGGGGrrrrrrrrrr', 'traffic_light': 'Green', 'road': 'S'}, {'duration': 5, 'str': 'rrrrrYYYYYrrrrrrrrrr', 'traffic_light': 'Yellow', 'road': 'S'}, {'duration': 15, 'str': 'rrrrrrrrrrGGGGGrrrrr', 'traffic_light': 'Green', 'road': 'E'}, {'duration': 5, 'str': 'rrrrrrrrrrYYYYYrrrrr', 'traffic_light': 'Yellow', 'road': 'E'}]",Group1,23,27.041884816753928
29,0,"[{'duration': 15, 'str': 'GGGrrrrrrrGGGrrrrrrr', 'traffic_light': 'Green', 'road': 'NS'}, {'duration': 5, 'str': 'yyyrrrrrrryyyrrrrrrr', 'traffic_light': 'Yellow', 'road': 'NS'}, {'duration': 5, 'str': 'rrrGGrrrrrrrrGGrrrrr', 'traffic_light': 'Green', 'road': 'EW'}, {'duration': 15, 'str': 'rrrrrGGGrrrrrrrGGGrr', 'traffic_light': 'Green', 'road': 'NS'}, {'duration': 5, 'str': 'rrrrryyyrrrrrrryyyrr', 'traffic_light': 'Yellow', 'road': 'NS'}, {'duration': 5, 'str': 'rrrrrrrrGGrrrrrrrrGG', 'traffic_light': 'Green', 'road': 'EW'}]",Static,30,27.163265306122447
29,0,"[{'duration': 15, 'str': 'GGGGGrrrrrGGGGGrrrrr', 'traffic_light': 'Green', 'road': 'NS'}, {'duration': 5, 'str': 'YYYYYrrrrrYYYYYrrrrr', 'traffic_light': 'Yellow', 'road': 'NS'}, {'duration': 15, 'str': 'rrrrrGGGGGrrrrrGGGGG', 'traffic_light': 'Green', 'road': 'EW'}, {'duration': 5, 'str': 'rrrrrYYYYYrrrrrYYYYY', 'traffic_light': 'Yellow', 'road': 'EW'}, {'duration': 10, 'str': 'Grrrrrrrrrrrrrrrrrrr', 'traffic_light': 'Left Turn', 'road': 'N'}, {'duration': 10, 'str': 'rrrrrGrrrrrrrrrrrrrr', 'traffic_light': 'Left Turn', 'road': 'S'}]",Group4,35,27.015126050420168
30,0,"[{'duration': 15, 'str': 'GGGrrrrrrrGGGrrrrrrr', 'traffic_light': 'Green', 'road': 'NS'}, {'duration': 5, 'str': 'yyyrrrrrrryyyrrrrrrr', 'traffic_light': 'Yellow', 'road': 'NS'}, {'duration': 5, 'str': 'rrrGGrrrrrrrrGGrrrrr', 'traffic_light': 'Green', 'road': 'EW'}, {'duration': 15, 'str': 'rrrrrGGGrrrrrrrGGGrr', 'traffic_light': 'Green', 'road': 'NS'}, {'duration': 5, 'str': 'rrrrryyyrrrrrrryyyrr', 'traffic_light': 'Yellow', 'road': 'NS'}, {'duration': 5, 'str': 'rrrrrrrrGGrrrrrrrrGG', 'traffic_light': 'Green', 'road': 'EW'}]",Static,17,27.0655737704918
30,0,"[{'duration': 10, 'str': 'rrrrrGrrrrrrrrrGrrrr', 'traffic_light': 'Left Turn', 'road': 'EW'}, {'duration': 15, 'str': 'rrrrrGGGGGrrrrrGGGGG', 'traffic_light': 'Green', 'road': 'EW'}, {'duration': 5, 'str': 'rrrrrYYYYYrrrrrYYYYY', 'traffic_light': 'Yellow', 'road': 'EW'}, {'duration': 10, 'str': 'GrrrrrrrrrGrrrrrrrrr', 'traffic_light': 'Left Turn', 'road': 'NS'}, {'duration': 15, 'str': 'GGGGGrrrrrGGGGGrrrrr', 'traffic_light': 'Green', 'road': 'NS'}, {'duration': 5, 'str': 'YYYYYrrrrrYYYYYrrrrr', 'traffic_light': 'Yellow', 'road': 'NS'}]",Group10,21,26.97576736672052
31,0,"[{'duration': 15, 'str': 'GGGrrrrrrrGGGrrrrrrr', 'traffic_light': 'Green', 'road': 'NS'}, {'duration': 5, 'str': 'yyyrrrrrrryyyrrrrrrr', 'traffic_light': 'Yellow', 'road': 'NS'}, {'duration': 5, 'str': 'rrrGGrrrrrrrrGGrrrrr', 'traffic_light': 'Green', 'road': 'EW'}, {'duration': 15, 'str': 'rrrrrGGGrrrrrrrGGGrr', 'traffic_light': 'Green', 'road': 'NS'}, {'duration': 5, 'str': 'rrrrryyyrrrrrrryyyrr', 'traffic_light': 'Yellow', 'road': 'NS'}, {'duration': 5, 'str': 'rrrrrrrrGGrrrrrrrrGG', 'traffic_light': 'Green', 'road': 'EW'}]",Static,23,26.972972972972972
31,0,"[{'duration': 18, 'str': 'rrrrrGGGGGrrrrrGGGGG', 'traffic_light': 'Green', 'road': 'EW'}, {'duration': 5, 'str': 'rrrrrYYYYYrrrrrYYYYY', 'traffic_light': 'Yellow', 'road': 'EW'}, {'duration': 18, 'str': 'GGGGGrrrrrGGGGGrrrrr', 'traffic_light': 'Green', 'road': 'NS'}, {'duration': 5, 'str': 'YYYYYrrrrrYYYYYrrrrr', 'traffic_light': 'Yellow', 'road': 'NS'}, {'duration': 10, 'str': 'rrrrrGrrrrrrrrrGrrrr', 'traffic_light': 'Left Turn', 'road': 'EW'}, {'duration': 4, 'str': 'rrrrrYYYYYrrrrrYYYYY', 'traffic_light': 'Yellow', 'road': 'EW'}]",Group12,22,26.95260663507109
32,0,"[{'duration': 15, 'str': 'GGGrrrrrrrGGGrrrrrrr', 'traffic_light': 'Green', 'road': 'NS'}, {'duration': 5, 'str': 'yyyrrrrrrryyyrrrrrrr', 'traffic_light': 'Yellow', 'road': 'NS'}, {'duration': 5, 'str': 'rrrGGrrrrrrrrGGrrrrr', 'traffic_light': 'Green', 'road': 'EW'}, {'duration': 15, 'str': 'rrrrrGGGrrrrrrrGGGrr', 'traffic_light': 'Green', 'road': 'NS'}, {'duration': 5, 'str': 'rrrrryyyrrrrrrryyyrr', 'traffic_light': 'Yellow', 'road': 'NS'}, {'duration': 5, 'str': 'rrrrrrrrGGrrrrrrrrGG', 'traffic_light': 'Green', 'road': 'EW'}]",Static,32,26.92248062015504
32,0,"[{'duration': 5, 'str': 'rrrrrGrrrrrrrrrGrrrr', 'traffic_light': 'Left Turn', 'road': 'EW'}, {'duration': 25, 'str': 'rrrrrGGGGGrrrrrGGGGG', 'traffic_light': 'Green', 'road': 'EW'}, {'duration': 5, 'str': 'rrrrrYYYYYrrrrrYYYYY', 'traffic_light': 'Yellow', 'road': 'EW'}, {'duration': 25, 'str': 'GGGGGrrrrrGGGGGrrrrr', 'traffic_light': 'Green', 'road': 'NS'}, {'duration': 5, 'str': 'YYYYYrrrrrYYYYYrrrrr', 'traffic_light': 'Yellow', 'road': 'NS'}]",Group15,40,26.764885496183204
33,0,"[{'duration': 15, 'str': 'GGGrrrrrrrGGGrrrrrrr', 'traffic_light': 'Green', 'road': 'NS'}, {'duration': 5, 'str': 'yyyrrrrrrryyyrrrrrrr', 'traffic_light': 'Yellow', 'road': 'NS'}, {'duration': 5, 'str': 'rrrGGrrrrrrrrGGrrrrr', 'traffic_light': 'Green', 'road': 'EW'}, {'duration': 15, 'str': 'rrrrrGGGrrrrrrrGGGrr', 'traffic_light': 'Green', 'road': 'NS'}, {'duration': 5, 'str': 'rrrrryyyrrrrrrryyyrr', 'traffic_light': 'Yellow', 'road': 'NS'}, {'duration': 5, 'str': 'rrrrrrrrGGrrrrrrrrGG', 'traffic_light': 'Green', 'road': 'EW'}]",Static,23,26.6955223880597
33,0,"[{'duration': 15, 'str': 'GGGGGrrrrrGGGGGrrrrr', 'traffic_light': 'Green', 'road': 'NS'}, {'duration': 5, 'str': 'YYYYYrrrrrYYYYYrrrrr', 'traffic_light': 'Yellow', 'road': 'NS'}, {'duration': 15, 'str': 'rrrrrGGGGGrrrrrGGGGG', 'traffic_light': 'Green', 'road': 'EW'}, {'duration': 5, 'str': 'rrrrrYYYYYrrrrrYYYYY', 'traffic_light': 'Yellow', 'road': 'EW'}, {'duration': 10, 'str': 'Grrrrrrrrrrrrrrrrrrr', 'traffic_light': 'Left Turn', 'road': 'N'}, {'duration': 10, 'str': 'rrrrrGrrrrrrrrrrrrrr', 'traffic_light': 'Left Turn', 'road': 'S'}]",Group4,32,26.58284023668639
34,0,"[{'duration': 15, 'str': 'GGGrrrrrrrGGGrrrrrrr', 'traffic_light': 'Green', 'road': 'NS'}, {'duration': 5, 'str': 'yyyrrrrrrryyyrrrrrrr', 'traffic_light': 'Yellow', 'road': 'NS'}, {'duration': 5, 'str': 'rrrGGrrrrrrrrGGrrrrr', 'traffic_light': 'Green', 'road': 'EW'}, {'duration': 15, 'str': 'rrrrrGGGrrrrrrrGGGrr', 'traffic_light': 'Green', 'road': 'NS'}, {'duration': 5, 'str': 'rrrrryyyrrrrrrryyyrr', 'traffic_light': 'Yellow', 'road': 'NS'}, {'duration': 5, 'str': 'rrrrrrrrGGrrrrrrrrGG', 'traffic_light': 'Green', 'road': 'EW'}]",Static,20,26.638483965014576
34,0,"[{'duration': 15, 'str': 'GGGGGrrrrrrrrrrrrrrr', 'traffic_light': 'Green', 'road': 'N'}, {'duration': 5, 'str': 'YYYYYrrrrrrrrrrrrrrr', 'traffic_light': 'Yellow', 'road': 'N'}, {'duration': 15, 'str': 'rrrrrGGGGGrrrrrrrrrr', 'traffic_light': 'Green', 'road': 'S'}, {'duration': 5, 'str': 'rrrrrYYYYYrrrrrrrrrr', 'traffic_light': 'Yellow', 'road': 'S'}, {'duration': 15, 'str': 'rrrrrrrrrrGGGGGrrrrr', 'traffic_light': 'Green', 'road': 'E'}, {'duration': 5, 'str': 'rrrrrrrrrrYYYYYrrrrr', 'traffic_light': 'Yellow', 'road': 'E'}]",Group1,20,26.65843023255814
35,0,"[{'duration': 15, 'str': 'GGGrrrrrrrGGGrrrrrrr', 'traffic_light': 'Green', 'road': 'NS'}, {'duration': 5, 'str': 'yyyrrrrrrryyyrrrrrrr', 'traffic_light': 'Yellow', 'road': 'NS'}, {'duration': 5, 'str': 'rrrGGrrrrrrrrGGrrrrr', 'traffic_light': 'Green', 'road': 'EW'}, {'duration': 15, 'str': 'rrrrrGGGrrrrrrrGGGrr', 'traffic_light': 'Green', 'road': 'NS'}, {'duration': 5, 'str': 'rrrrryyyrrrrrrryyyrr', 'traffic_light': 'Yellow', 'road': 'NS'}, {'duration': 5, 'str': 'rrrrrrrrGGrrrrrrrrGG', 'traffic_light': 'Green', 'road': 'EW'}]",Static,21,26.66431593794076
35,0,"[{'duration': 7, 'str': 'GrrrrrrrrrGrrrrrrrrr', 'traffic_light': 'Left Turn', 'road': 'NS'}, {'duration': 18, 'str': 'GGGGGrrrrrGGGGGrrrrr', 'traffic_light': 'Green', 'road': 'NS'}, {'duration': 5, 'str': 'YYYYYrrrrrYYYYYrrrrr', 'traffic_light': 'Yellow', 'road': 'NS'}, {'duration': 7, 'str': 'rrrrrGrrrrrrrrrGrrrr', 'traffic_light': 'Left Turn', 'road': 'EW'}, {'duration': 18, 'str': 'rrrrrGGGGGrrrrrGGGGG', 'traffic_light': 'Green', 'road': 'EW'}, {'duration': 5, 'str': 'rrrrrYYYYYrrrrrYYYYY', 'traffic_light': 'Yellow', 'road': 'EW'}]",Group9,31,26.668984700973574
36,0,"[{'duration': 15, 'str': 'GGGrrrrrrrGGGrrrrrrr', 'traffic_light': 'Green', 'road': 'NS'}, {'duration': 5, 'str': 'yyyrrrrrrryyyrrrrrrr', 'traffic_light': 'Yellow', 'road': 'NS'}, {'duration': 5, 'str': 'rrrGGrrrrrrrrGGrrrrr', 'traffic_light': 'Green', 'road': 'EW'}, {'duration': 15, 'str': 'rrrrrGGGrrrrrrrGGGrr', 'traffic_light': 'Green', 'road': 'NS'}, {'duration': 5, 'str': 'rrrrryyyrrrrrrryyyrr', 'traffic_light': 'Yellow', 'road': 'NS'}, {'duration': 5, 'str': 'rrrrrrrrGGrrrrrrrrGG', 'traffic_light': 'Green', 'road': 'EW'}]",Static,17,26.803571428571427
36,0,"[{'duration': 15, 'str': 'GGGGGrrrrrrrrrrrrrrr', 'traffic_light': 'Green', 'road': 'N'}, {'duration': 5, 'str': 'YYYYYrrrrrrrrrrrrrrr', 'traffic_light': 'Yellow', 'road': 'N'}, {'duration': 15, 'str': 'rrrrrGGGGGrrrrrrrrrr', 'traffic_light': 'Green', 'road': 'S'}, {'duration': 5, 'str': 'rrrrrYYYYYrrrrrrrrrr', 'traffic_light': 'Yellow', 'road': 'S'}, {'duration': 15, 'str': 'rrrrrrrrrrGGGGGrrrrr', 'traffic_light': 'Green', 'road': 'E'}, {'duration': 5, 'str': 'rrrrrrrrrrYYYYYrrrrr', 'traffic_light': 'Yellow', 'road': 'E'}]",Group1,10,26.8161865569273
37,0,"[{'duration': 15, 'str': 'GGGrrrrrrrGGGrrrrrrr', 'traffic_light': 'Green', 'road': 'NS'}, {'duration': 5, 'str': 'yyyrrrrrrryyyrrrrrrr', 'traffic_light': 'Yellow', 'road': 'NS'}, {'duration': 5, 'str': 'rrrGGrrrrrrrrGGrrrrr', 'traffic_light': 'Green', 'road': 'EW'}, {'duration': 15, 'str': 'rrrrrGGGrrrrrrrGGGrr', 'traffic_light': 'Green', 'road': 'NS'}, {'duration': 5, 'str': 'rrrrryyyrrrrrrryyyrr', 'traffic_light': 'Yellow', 'road': 'NS'}, {'duration': 5, 'str': 'rrrrrrrrGGrrrrrrrrGG', 'traffic_light': 'Green', 'road': 'EW'}]",Static,30,26.886944818304173
37,0,"[{'duration': 12, 'str': 'GGGGGrrrrrGGGGGrrrrr', 'traffic_light': 'Green', 'road': 'NS'}, {'duration': 3, 'str': 'YYYYYrrrrrYYYYYrrrrr', 'traffic_light': 'Yellow', 'road': 'NS'}, {'duration': 12, 'str': 'rrrrrGGGGGrrrrrGGGGG', 'traffic_light': 'Green', 'road': 'EW'}, {'duration': 3, 'str': 'rrrrrYYYYYrrrrrYYYYY', 'traffic_light': 'Yellow', 'road': 'EW'}, {'duration': 6, 'str': 'Grrrrrrrrrrrrrrrrrrr', 'traffic_light': 'Left Turn', 'road': 'N'}, {'duration': 6, 'str': 'rrrrrGrrrrrrrrrrrrrr', 'traffic_light': 'Left Turn', 'road': 'S'}, {'duration': 6, 'str': 'rrrrrrrrrGrrrrrrrrrr', 'traffic_light': 'Left Turn', 'road': 'E'}, {'duration': 6, 'str': 'rrrrrrrrrrrrrrrGrrrr', 'traffic_light': 'Left Turn', 'road': 'W'}, {'duration': 6, 'str': 'GGGGGrrrrrGGGGGrrrrr', 'traffic_light': 'Green', 'road': 'NS'}]",Group7,23,26.806408544726303
38,0,"[{'duration': 15, 'str': 'GGGrrrrrrrGGGrrrrrrr', 'traffic_light': 'Green', 'road': 'NS'}, {'duration': 5, 'str': 'yyyrrrrrrryyyrrrrrrr', 'traffic_light': 'Yellow', 'road': 'NS'}, {'duration': 5, 'str': 'rrrGGrrrrrrrrGGrrrrr', 'traffic_light': 'Green', 'road': 'EW'}, {'duration': 15, 'str': 'rrrrrGGGrrrrrrrGGGrr', 'traffic_light': 'Green', 'road': 'NS'}, {'duration': 5, 'str': 'rrrrryyyrrrrrrryyyrr', 'traffic_light': 'Yellow', 'road': 'NS'}, {'duration': 5, 'str': 'rrrrrrrrGGrrrrrrrrGG', 'traffic_light': 'Green', 'road': 'EW'}]",Static,22,26.842666666666663
38,0,"[{'duration': 15, 'str': 'GGGGGrrrrrrrrrrrrrrr', 'traffic_light': 'Green', 'road': 'N'}, {'duration': 5, 'str': 'YYYYYrrrrrrrrrrrrrrr', 'traffic_light': 'Yellow', 'road': 'N'}, {'duration': 15, 'str': 'rrrrrGGGGGrrrrrrrrrr', 'traffic_light': 'Green', 'road': 'S'}, {'duration': 5, 'str': 'rrrrrYYYYYrrrrrrrrrr', 'traffic_light': 'Yellow', 'road': 'S'}, {'duration': 15, 'str': 'rrrrrrrrrrGGGGGrrrrr', 'traffic_light': 'Green', 'road': 'E'}, {'duration': 5, 'str': 'rrrrrrrrrrYYYYYrrrrr', 'traffic_light': 'Yellow', 'road': 'E'}]",Group1,18,26.842666666666663
39,0,"[{'duration': 15, 'str': 'GGGrrrrrrrGGGrrrrrrr', 'traffic_light': 'Green', 'road': 'NS'}, {'duration': 5, 'str': 'yyyrrrrrrryyyrrrrrrr', 'traffic_light': 'Yellow', 'road': 'NS'}, {'duration': 5, 'str': 'rrrGGrrrrrrrrGGrrrrr', 'traffic_light': 'Green', 'road': 'EW'}, {'duration': 15, 'str': 'rrrrrGGGrrrrrrrGGGrr', 'traffic_light': 'Green', 'road': 'NS'}, {'duration': 5, 'str': 'rrrrryyyrrrrrrryyyrr', 'traffic_light': 'Yellow', 'road': 'NS'}, {'duration': 5, 'str': 'rrrrrrrrGGrrrrrrrrGG', 'traffic_light': 'Green', 'road': 'EW'}]",Static,18,26.842666666666663
39,0,"[{'duration': 15, 'str': 'GGGGGrrrrrrrrrrrrrrr', 'traffic_light': 'Green', 'road': 'N'}, {'duration': 5, 'str': 'YYYYYrrrrrrrrrrrrrrr', 'traffic_light': 'Yellow', 'road': 'N'}, {'duration': 15, 'str': 'rrrrrGGGGGrrrrrrrrrr', 'traffic_light': 'Green', 'road': 'S'}, {'duration': 5, 'str': 'rrrrrYYYYYrrrrrrrrrr', 'traffic_light': 'Yellow', 'road': 'S'}, {'duration': 15, 'str': 'rrrrrrrrrrGGGGGrrrrr', 'traffic_light': 'Green', 'road': 'E'}, {'duration': 5, 'str': 'rrrrrrrrrrYYYYYrrrrr', 'traffic_light': 'Yellow', 'road': 'E'}]",Group1,20,26.842666666666663
40,0,"[{'duration': 15, 'str': 'GGGrrrrrrrGGGrrrrrrr', 'traffic_light': 'Green', 'road': 'NS'}, {'duration': 5, 'str': 'yyyrrrrrrryyyrrrrrrr', 'traffic_light': 'Yellow', 'road': 'NS'}, {'duration': 5, 'str': 'rrrGGrrrrrrrrGGrrrrr', 'traffic_light': 'Green', 'road': 'EW'}, {'duration': 15, 'str': 'rrrrrGGGrrrrrrrGGGrr', 'traffic_light': 'Green', 'road': 'NS'}, {'duration': 5, 'str': 'rrrrryyyrrrrrrryyyrr', 'traffic_light': 'Yellow', 'road': 'NS'}, {'duration': 5, 'str': 'rrrrrrrrGGrrrrrrrrGG', 'traffic_light': 'Green', 'road': 'EW'}]",Static,31,26.842666666666663
40,0,"[{'duration': 15, 'str': 'GGGGGrrrrrrrrrrrrrrr', 'traffic_light': 'Green', 'road': 'N'}, {'duration': 5, 'str': 'YYYYYrrrrrrrrrrrrrrr', 'traffic_light': 'Yellow', 'road': 'N'}, {'duration': 15, 'str': 'rrrrrGGGGGrrrrrrrrrr', 'traffic_light': 'Green', 'road': 'S'}, {'duration': 5, 'str': 'rrrrrYYYYYrrrrrrrrrr', 'traffic_light': 'Yellow', 'road': 'S'}, {'duration': 15, 'str': 'rrrrrrrrrrGGGGGrrrrr', 'traffic_light': 'Green', 'road': 'E'}, {'duration': 5, 'str': 'rrrrrrrrrrYYYYYrrrrr', 'traffic_light': 'Yellow', 'road': 'E'}]",Group1,23,26.842666666666663
41,0,"[{'duration': 15, 'str': 'GGGrrrrrrrGGGrrrrrrr', 'traffic_light': 'Green', 'road': 'NS'}, {'duration': 5, 'str': 'yyyrrrrrrryyyrrrrrrr', 'traffic_light': 'Yellow', 'road': 'NS'}, {'duration': 5, 'str': 'rrrGGrrrrrrrrGGrrrrr', 'traffic_light': 'Green', 'road': 'EW'}, {'duration': 15, 'str': 'rrrrrGGGrrrrrrrGGGrr', 'traffic_light': 'Green', 'road': 'NS'}, {'duration': 5, 'str': 'rrrrryyyrrrrrrryyyrr', 'traffic_light': 'Yellow', 'road': 'NS'}, {'duration': 5, 'str': 'rrrrrrrrGGrrrrrrrrGG', 'traffic_light': 'Green', 'road': 'EW'}]",Static,30,26.842666666666663
41,0,"[{'duration': 15, 'str': 'GGGGGrrrrrrrrrrrrrrr', 'traffic_light': 'Green', 'road': 'N'}, {'duration': 5, 'str': 'YYYYYrrrrrrrrrrrrrrr', 'traffic_light': 'Yellow', 'road': 'N'}, {'duration': 15, 'str': 'rrrrrGGGGGrrrrrrrrrr', 'traffic_light': 'Green', 'road': 'S'}, {'duration': 5, 'str': 'rrrrrYYYYYrrrrrrrrrr', 'traffic_light': 'Yellow', 'road': 'S'}, {'duration': 15, 'str': 'rrrrrrrrrrGGGGGrrrrr', 'traffic_light': 'Green', 'road': 'E'}, {'duration': 5, 'str': 'rrrrrrrrrrYYYYYrrrrr', 'traffic_light': 'Yellow', 'road': 'E'}]",Group1,15,26.842666666666663
42,0,"[{'duration': 15, 'str': 'GGGrrrrrrrGGGrrrrrrr', 'traffic_light': 'Green', 'road': 'NS'}, {'duration': 5, 'str': 'yyyrrrrrrryyyrrrrrrr', 'traffic_light': 'Yellow', 'road': 'NS'}, {'duration': 5, 'str': 'rrrGGrrrrrrrrGGrrrrr', 'traffic_light': 'Green', 'road': 'EW'}, {'duration': 15, 'str': 'rrrrrGGGrrrrrrrGGGrr', 'traffic_light': 'Green', 'road': 'NS'}, {'duration': 5, 'str': 'rrrrryyyrrrrrrryyyrr', 'traffic_light': 'Yellow', 'road': 'NS'}, {'duration': 5, 'str': 'rrrrrrrrGGrrrrrrrrGG', 'traffic_light': 'Green', 'road': 'EW'}]",Static,17,26.842666666666663
42,0,"[{'duration': 15, 'str': 'GGGGGrrrrrrrrrrrrrrr', 'traffic_light': 'Green', 'road': 'N'}, {'duration': 5, 'str': 'YYYYYrrrrrrrrrrrrrrr', 'traffic_light': 'Yellow', 'road': 'N'}, {'duration': 15, 'str': 'rrrrrGGGGGrrrrrrrrrr', 'traffic_light': 'Green', 'road': 'S'}, {'duration': 5, 'str': 'rrrrrYYYYYrrrrrrrrrr', 'traffic_light': 'Yellow', 'road': 'S'}, {'duration': 15, 'str': 'rrrrrrrrrrGGGGGrrrrr', 'traffic_light': 'Green', 'road': 'E'}, {'duration': 5, 'str': 'rrrrrrrrrrYYYYYrrrrr', 'traffic_light': 'Yellow', 'road': 'E'}]",Group1,11,26.842666666666663
43,0,"[{'duration': 15, 'str': 'GGGrrrrrrrGGGrrrrrrr', 'traffic_light': 'Green', 'road': 'NS'}, {'duration': 5, 'str': 'yyyrrrrrrryyyrrrrrrr', 'traffic_light': 'Yellow', 'road': 'NS'}, {'duration': 5, 'str': 'rrrGGrrrrrrrrGGrrrrr', 'traffic_light': 'Green', 'road': 'EW'}, {'duration': 15, 'str': 'rrrrrGGGrrrrrrrGGGrr', 'traffic_light': 'Green', 'road': 'NS'}, {'duration': 5, 'str': 'rrrrryyyrrrrrrryyyrr', 'traffic_light': 'Yellow', 'road': 'NS'}, {'duration': 5, 'str': 'rrrrrrrrGGrrrrrrrrGG', 'traffic_light': 'Green', 'road': 'EW'}]",Static,23,26.842666666666663
43,0,"[{'duration': 15, 'str': 'GGGGGrrrrrrrrrrrrrrr', 'traffic_light': 'Green', 'road': 'N'}, {'duration': 5, 'str': 'YYYYYrrrrrrrrrrrrrrr', 'traffic_light': 'Yellow', 'road': 'N'}, {'duration': 15, 'str': 'rrrrrGGGGGrrrrrrrrrr', 'traffic_light': 'Green', 'road': 'S'}, {'duration': 5, 'str': 'rrrrrYYYYYrrrrrrrrrr', 'traffic_light': 'Yellow', 'road': 'S'}, {'duration': 15, 'str': 'rrrrrrrrrrGGGGGrrrrr', 'traffic_light': 'Green', 'road': 'E'}, {'duration': 5, 'str': 'rrrrrrrrrrYYYYYrrrrr', 'traffic_light': 'Yellow', 'road': 'E'}]",Group1,12,26.842666666666663
44,0,"[{'duration': 15, 'str': 'GGGrrrrrrrGGGrrrrrrr', 'traffic_light': 'Green', 'road': 'NS'}, {'duration': 5, 'str': 'yyyrrrrrrryyyrrrrrrr', 'traffic_light': 'Yellow', 'road': 'NS'}, {'duration': 5, 'str': 'rrrGGrrrrrrrrGGrrrrr', 'traffic_light': 'Green', 'road': 'EW'}, {'duration': 15, 'str': 'rrrrrGGGrrrrrrrGGGrr', 'traffic_light': 'Green', 'road': 'NS'}, {'duration': 5, 'str': 'rrrrryyyrrrrrrryyyrr', 'traffic_light': 'Yellow', 'road': 'NS'}, {'duration': 5, 'str': 'rrrrrrrrGGrrrrrrrrGG', 'traffic_light': 'Green', 'road': 'EW'}]",Static,32,26.842666666666663
44,0,"[{'duration': 15, 'str': 'GGGGGrrrrrrrrrrrrrrr', 'traffic_light': 'Green', 'road': 'N'}, {'duration': 5, 'str': 'YYYYYrrrrrrrrrrrrrrr', 'traffic_light': 'Yellow', 'road': 'N'}, {'duration': 15, 'str': 'rrrrrGGGGGrrrrrrrrrr', 'traffic_light': 'Green', 'road': 'S'}, {'duration': 5, 'str': 'rrrrrYYYYYrrrrrrrrrr', 'traffic_light': 'Yellow', 'road': 'S'}, {'duration': 15, 'str': 'rrrrrrrrrrGGGGGrrrrr', 'traffic_light': 'Green', 'road': 'E'}, {'duration': 5, 'str': 'rrrrrrrrrrYYYYYrrrrr', 'traffic_light': 'Yellow', 'road': 'E'}]",Group1,33,26.842666666666663
45,0,"[{'duration': 15, 'str': 'GGGrrrrrrrGGGrrrrrrr', 'traffic_light': 'Green', 'road': 'NS'}, {'duration': 5, 'str': 'yyyrrrrrrryyyrrrrrrr', 'traffic_light': 'Yellow', 'road': 'NS'}, {'duration': 5, 'str': 'rrrGGrrrrrrrrGGrrrrr', 'traffic_light': 'Green', 'road': 'EW'}, {'duration': 15, 'str': 'rrrrrGGGrrrrrrrGGGrr', 'traffic_light': 'Green', 'road': 'NS'}, {'duration': 5, 'str': 'rrrrryyyrrrrrrryyyrr', 'traffic_light': 'Yellow', 'road': 'NS'}, {'duration': 5, 'str': 'rrrrrrrrGGrrrrrrrrGG', 'traffic_light': 'Green', 'road': 'EW'}]",Static,23,26.842666666666663
45,0,"[{'duration': 15, 'str': 'GGGGGrrrrrrrrrrrrrrr', 'traffic_light': 'Green', 'road': 'N'}, {'duration': 5, 'str': 'YYYYYrrrrrrrrrrrrrrr', 'traffic_light': 'Yellow', 'road': 'N'}, {'duration': 15, 'str': 'rrrrrGGGGGrrrrrrrrrr', 'traffic_light': 'Green', 'road': 'S'}, {'duration': 5, 'str': 'rrrrrYYYYYrrrrrrrrrr', 'traffic_light': 'Yellow', 'road': 'S'}, {'duration': 15, 'str': 'rrrrrrrrrrGGGGGrrrrr', 'traffic_light': 'Green', 'road': 'E'}, {'duration': 5, 'str': 'rrrrrrrrrrYYYYYrrrrr', 'traffic_light': 'Yellow', 'road': 'E'}]",Group1,15,26.842666666666663
46,0,"[{'duration': 15, 'str': 'GGGrrrrrrrGGGrrrrrrr', 'traffic_light': 'Green', 'road': 'NS'}, {'duration': 5, 'str': 'yyyrrrrrrryyyrrrrrrr', 'traffic_light': 'Yellow', 'road': 'NS'}, {'duration': 5, 'str': 'rrrGGrrrrrrrrGGrrrrr', 'traffic_light': 'Green', 'road': 'EW'}, {'duration': 15, 'str': 'rrrrrGGGrrrrrrrGGGrr', 'traffic_light': 'Green', 'road': 'NS'}, {'duration': 5, 'str': 'rrrrryyyrrrrrrryyyrr', 'traffic_light': 'Yellow', 'road': 'NS'}, {'duration': 5, 'str': 'rrrrrrrrGGrrrrrrrrGG', 'traffic_light': 'Green', 'road': 'EW'}]",Static,20,26.842666666666663
46,0,"[{'duration': 15, 'str': 'GGGGGrrrrrrrrrrrrrrr', 'traffic_light': 'Green', 'road': 'N'}, {'duration': 5, 'str': 'YYYYYrrrrrrrrrrrrrrr', 'traffic_light': 'Yellow', 'road': 'N'}, {'duration': 15, 'str': 'rrrrrGGGGGrrrrrrrrrr', 'traffic_light': 'Green', 'road': 'S'}, {'duration': 5, 'str': 'rrrrrYYYYYrrrrrrrrrr', 'traffic_light': 'Yellow', 'road': 'S'}, {'duration': 15, 'str': 'rrrrrrrrrrGGGGGrrrrr', 'traffic_light': 'Green', 'road': 'E'}, {'duration': 5, 'str': 'rrrrrrrrrrYYYYYrrrrr', 'traffic_light': 'Yellow', 'road': 'E'}]",Group1,20,26.842666666666663
47,0,"[{'duration': 15, 'str': 'GGGrrrrrrrGGGrrrrrrr', 'traffic_light': 'Green', 'road': 'NS'}, {'duration': 5, 'str': 'yyyrrrrrrryyyrrrrrrr', 'traffic_light': 'Yellow', 'road': 'NS'}, {'duration': 5, 'str': 'rrrGGrrrrrrrrGGrrrrr', 'traffic_light': 'Green', 'road': 'EW'}, {'duration': 15, 'str': 'rrrrrGGGrrrrrrrGGGrr', 'traffic_light': 'Green', 'road': 'NS'}, {'duration': 5, 'str': 'rrrrryyyrrrrrrryyyrr', 'traffic_light': 'Yellow', 'road': 'NS'}, {'duration': 5, 'str': 'rrrrrrrrGGrrrrrrrrGG', 'traffic_light': 'Green', 'road': 'EW'}]",Static,21,26.842666666666663
47,0,"[{'duration': 15, 'str': 'GGGGGrrrrrrrrrrrrrrr', 'traffic_light': 'Green', 'road': 'N'}, {'duration': 5, 'str': 'YYYYYrrrrrrrrrrrrrrr', 'traffic_light': 'Yellow', 'road': 'N'}, {'duration': 15, 'str': 'rrrrrGGGGGrrrrrrrrrr', 'traffic_light': 'Green', 'road': 'S'}, {'duration': 5, 'str': 'rrrrrYYYYYrrrrrrrrrr', 'traffic_light': 'Yellow', 'road': 'S'}, {'duration': 15, 'str': 'rrrrrrrrrrGGGGGrrrrr', 'traffic_light': 'Green', 'road': 'E'}, {'duration': 5, 'str': 'rrrrrrrrrrYYYYYrrrrr', 'traffic_light': 'Yellow', 'road': 'E'}]",Group1,17,26.842666666666663
48,0,"[{'duration': 15, 'str': 'GGGrrrrrrrGGGrrrrrrr', 'traffic_light': 'Green', 'road': 'NS'}, {'duration': 5, 'str': 'yyyrrrrrrryyyrrrrrrr', 'traffic_light': 'Yellow', 'road': 'NS'}, {'duration': 5, 'str': 'rrrGGrrrrrrrrGGrrrrr', 'traffic_light': 'Green', 'road': 'EW'}, {'duration': 15, 'str': 'rrrrrGGGrrrrrrrGGGrr', 'traffic_light': 'Green', 'road': 'NS'}, {'duration': 5, 'str': 'rrrrryyyrrrrrrryyyrr', 'traffic_light': 'Yellow', 'road': 'NS'}, {'duration': 5, 'str': 'rrrrrrrrGGrrrrrrrrGG', 'traffic_light': 'Green', 'road': 'EW'}]",Static,17,26.842666666666663
48,0,"[{'duration': 15, 'str': 'GGGGGrrrrrrrrrrrrrrr', 'traffic_light': 'Green', 'road': 'N'}, {'duration': 5, 'str': 'YYYYYrrrrrrrrrrrrrrr', 'traffic_light': 'Yellow', 'road': 'N'}, {'duration': 15, 'str': 'rrrrrGGGGGrrrrrrrrrr', 'traffic_light': 'Green', 'road': 'S'}, {'duration': 5, 'str': 'rrrrrYYYYYrrrrrrrrrr', 'traffic_light': 'Yellow', 'road': 'S'}, {'duration': 15, 'str': 'rrrrrrrrrrGGGGGrrrrr', 'traffic_light': 'Green', 'road': 'E'}, {'duration': 5, 'str': 'rrrrrrrrrrYYYYYrrrrr', 'traffic_light': 'Yellow', 'road': 'E'}]",Group1,10,26.842666666666663
49,0,"[{'duration': 15, 'str': 'GGGrrrrrrrGGGrrrrrrr', 'traffic_light': 'Green', 'road': 'NS'}, {'duration': 5, 'str': 'yyyrrrrrrryyyrrrrrrr', 'traffic_light': 'Yellow', 'road': 'NS'}, {'duration': 5, 'str': 'rrrGGrrrrrrrrGGrrrrr', 'traffic_light': 'Green', 'road': 'EW'}, {'duration': 15, 'str': 'rrrrrGGGrrrrrrrGGGrr', 'traffic_light': 'Green', 'road': 'NS'}, {'duration': 5, 'str': 'rrrrryyyrrrrrrryyyrr', 'traffic_light': 'Yellow', 'road': 'NS'}, {'duration': 5, 'str': 'rrrrrrrrGGrrrrrrrrGG', 'traffic_light': 'Green', 'road': 'EW'}]",Static,34,26.842666666666663
49,0,"[{'duration': 15, 'str': 'GGGGGrrrrrrrrrrrrrrr', 'traffic_light': 'Green', 'road': 'N'}, {'duration': 5, 'str': 'YYYYYrrrrrrrrrrrrrrr', 'traffic_light': 'Yellow', 'road': 'N'}, {'duration': 15, 'str': 'rrrrrGGGGGrrrrrrrrrr', 'traffic_light': 'Green', 'road': 'S'}, {'duration': 5, 'str': 'rrrrrYYYYYrrrrrrrrrr', 'traffic_light': 'Yellow', 'road': 'S'}, {'duration': 15, 'str': 'rrrrrrrrrrGGGGGrrrrr', 'traffic_light': 'Green', 'road': 'E'}, {'duration': 5, 'str': 'rrrrrrrrrrYYYYYrrrrr', 'traffic_light': 'Yellow', 'road': 'E'}]",Group1,21,26.842666666666663
50,0,"[{'duration': 15, 'str': 'GGGrrrrrrrGGGrrrrrrr', 'traffic_light': 'Green', 'road': 'NS'}, {'duration': 5, 'str': 'yyyrrrrrrryyyrrrrrrr', 'traffic_light': 'Yellow', 'road': 'NS'}, {'duration': 5, 'str': 'rrrGGrrrrrrrrGGrrrrr', 'traffic_light': 'Green', 'road': 'EW'}, {'duration': 15, 'str': 'rrrrrGGGrrrrrrrGGGrr', 'traffic_light': 'Green', 'road': 'NS'}, {'duration': 5, 'str': 'rrrrryyyrrrrrrryyyrr', 'traffic_light': 'Yellow', 'road': 'NS'}, {'duration': 5, 'str': 'rrrrrrrrGGrrrrrrrrGG', 'traffic_light': 'Green', 'road': 'EW'}]",Static,44,26.842666666666663
50,0,"[{'duration': 15, 'str': 'GGGGGrrrrrrrrrrrrrrr', 'traffic_light': 'Green', 'road': 'N'}, {'duration': 5, 'str': 'YYYYYrrrrrrrrrrrrrrr', 'traffic_light': 'Yellow', 'road': 'N'}, {'duration': 15, 'str': 'rrrrrGGGGGrrrrrrrrrr', 'traffic_light': 'Green', 'road': 'S'}, {'duration': 5, 'str': 'rrrrrYYYYYrrrrrrrrrr', 'traffic_light': 'Yellow', 'road': 'S'}, {'duration': 15, 'str': 'rrrrrrrrrrGGGGGrrrrr', 'traffic_light': 'Green', 'road': 'E'}, {'duration': 5, 'str': 'rrrrrrrrrrYYYYYrrrrr', 'traffic_light': 'Yellow', 'road': 'E'}]",Group1,40,26.821571238348863
51,0,"[{'duration': 15, 'str': 'GGGrrrrrrrGGGrrrrrrr', 'traffic_light': 'Green', 'road': 'NS'}, {'duration': 5, 'str': 'yyyrrrrrrryyyrrrrrrr', 'traffic_light': 'Yellow', 'road': 'NS'}, {'duration': 5, 'str': 'rrrGGrrrrrrrrGGrrrrr', 'traffic_light': 'Green', 'road': 'EW'}, {'duration': 15, 'str': 'rrrrrGGGrrrrrrrGGGrr', 'traffic_light': 'Green', 'road': 'NS'}, {'duration': 5, 'str': 'rrrrryyyrrrrrrryyyrr', 'traffic_light': 'Yellow', 'road': 'NS'}, {'duration': 5, 'str': 'rrrrrrrrGGrrrrrrrrGG', 'traffic_light': 'Green', 'road': 'EW'}]",Static,25,26.821571238348863
51,0,"[{'duration': 15, 'str': 'GGGGGrrrrrrrrrrrrrrr', 'traffic_light': 'Green', 'road': 'N'}, {'duration': 5, 'str': 'YYYYYrrrrrrrrrrrrrrr', 'traffic_light': 'Yellow', 'road': 'N'}, {'duration': 15, 'str': 'rrrrrGGGGGrrrrrrrrrr', 'traffic_light': 'Green', 'road': 'S'}, {'duration': 5, 'str': 'rrrrrYYYYYrrrrrrrrrr', 'traffic_light': 'Yellow', 'road': 'S'}, {'duration': 15, 'str': 'rrrrrrrrrrGGGGGrrrrr', 'traffic_light': 'Green', 'road': 'E'}, {'duration': 5, 'str': 'rrrrrrrrrrYYYYYrrrrr', 'traffic_light': 'Yellow', 'road': 'E'}]",Group1,23,26.821571238348863
52,0,"[{'duration': 15, 'str': 'GGGrrrrrrrGGGrrrrrrr', 'traffic_light': 'Green', 'road': 'NS'}, {'duration': 5, 'str': 'yyyrrrrrrryyyrrrrrrr', 'traffic_light': 'Yellow', 'road': 'NS'}, {'duration': 5, 'str': 'rrrGGrrrrrrrrGGrrrrr', 'traffic_light': 'Green', 'road': 'EW'}, {'duration': 15, 'str': 'rrrrrGGGrrrrrrrGGGrr', 'traffic_light': 'Green', 'road': 'NS'}, {'duration': 5, 'str': 'rrrrryyyrrrrrrryyyrr', 'traffic_light': 'Yellow', 'road': 'NS'}, {'duration': 5, 'str': 'rrrrrrrrGGrrrrrrrrGG', 'traffic_light': 'Green', 'road': 'EW'}]",Static,39,26.86436170212766
52,0,"[{'duration': 15, 'str': 'GGGGGrrrrrrrrrrrrrrr', 'traffic_light': 'Green', 'road': 'N'}, {'duration': 5, 'str': 'YYYYYrrrrrrrrrrrrrrr', 'traffic_light': 'Yellow', 'road': 'N'}, {'duration': 15, 'str': 'rrrrrGGGGGrrrrrrrrrr', 'traffic_light': 'Green', 'road': 'S'}, {'duration': 5, 'str': 'rrrrrYYYYYrrrrrrrrrr', 'traffic_light': 'Yellow', 'road': 'S'}, {'duration': 15, 'str': 'rrrrrrrrrrGGGGGrrrrr', 'traffic_light': 'Green', 'road': 'E'}, {'duration': 5, 'str': 'rrrrrrrrrrYYYYYrrrrr', 'traffic_light': 'Yellow', 'road': 'E'}]",Group1,30,26.86436170212766
53,0,"[{'duration': 15, 'str': 'GGGrrrrrrrGGGrrrrrrr', 'traffic_light': 'Green', 'road': 'NS'}, {'duration': 5, 'str': 'yyyrrrrrrryyyrrrrrrr', 'traffic_light': 'Yellow', 'road': 'NS'}, {'duration': 5, 'str': 'rrrGGrrrrrrrrGGrrrrr', 'traffic_light': 'Green', 'road': 'EW'}, {'duration': 15, 'str': 'rrrrrGGGrrrrrrrGGGrr', 'traffic_light': 'Green', 'road': 'NS'}, {'duration': 5, 'str': 'rrrrryyyrrrrrrryyyrr', 'traffic_light': 'Yellow', 'road': 'NS'}, {'duration': 5, 'str': 'rrrrrrrrGGrrrrrrrrGG', 'traffic_light': 'Green', 'road': 'EW'}]",Static,29,26.86436170212766
53,0,"[{'duration': 15, 'str': 'GGGGGrrrrrrrrrrrrrrr', 'traffic_light': 'Green', 'road': 'N'}, {'duration': 5, 'str': 'YYYYYrrrrrrrrrrrrrrr', 'traffic_light': 'Yellow', 'road': 'N'}, {'duration': 15, 'str': 'rrrrrGGGGGrrrrrrrrrr', 'traffic_light': 'Green', 'road': 'S'}, {'duration': 5, 'str': 'rrrrrYYYYYrrrrrrrrrr', 'traffic_light': 'Yellow', 'road': 'S'}, {'duration': 15, 'str': 'rrrrrrrrrrGGGGGrrrrr', 'traffic_light': 'Green', 'road': 'E'}, {'duration': 5, 'str': 'rrrrrrrrrrYYYYYrrrrr', 'traffic_light': 'Yellow', 'road': 'E'}]",Group1,16,26.86436170212766
54,0,"[{'duration': 15, 'str': 'GGGrrrrrrrGGGrrrrrrr', 'traffic_light': 'Green', 'road': 'NS'}, {'duration': 5, 'str': 'yyyrrrrrrryyyrrrrrrr', 'traffic_light': 'Yellow', 'road': 'NS'}, {'duration': 5, 'str': 'rrrGGrrrrrrrrGGrrrrr', 'traffic_light': 'Green', 'road': 'EW'}, {'duration': 15, 'str': 'rrrrrGGGrrrrrrrGGGrr', 'traffic_light': 'Green', 'road': 'NS'}, {'duration': 5, 'str': 'rrrrryyyrrrrrrryyyrr', 'traffic_light': 'Yellow', 'road': 'NS'}, {'duration': 5, 'str': 'rrrrrrrrGGrrrrrrrrGG', 'traffic_light': 'Green', 'road': 'EW'}]",Static,34,26.86436170212766
54,0,"[{'duration': 15, 'str': 'GGGGGrrrrrrrrrrrrrrr', 'traffic_light': 'Green', 'road': 'N'}, {'duration': 5, 'str': 'YYYYYrrrrrrrrrrrrrrr', 'traffic_light': 'Yellow', 'road': 'N'}, {'duration': 15, 'str': 'rrrrrGGGGGrrrrrrrrrr', 'traffic_light': 'Green', 'road': 'S'}, {'duration': 5, 'str': 'rrrrrYYYYYrrrrrrrrrr', 'traffic_light': 'Yellow', 'road': 'S'}, {'duration': 15, 'str': 'rrrrrrrrrrGGGGGrrrrr', 'traffic_light': 'Green', 'road': 'E'}, {'duration': 5, 'str': 'rrrrrrrrrrYYYYYrrrrr', 'traffic_light': 'Yellow', 'road': 'E'}]",Group1,29,26.86436170212766
55,0,"[{'duration': 15, 'str': 'GGGrrrrrrrGGGrrrrrrr', 'traffic_light': 'Green', 'road': 'NS'}, {'duration': 5, 'str': 'yyyrrrrrrryyyrrrrrrr', 'traffic_light': 'Yellow', 'road': 'NS'}, {'duration': 5, 'str': 'rrrGGrrrrrrrrGGrrrrr', 'traffic_light': 'Green', 'road': 'EW'}, {'duration': 15, 'str': 'rrrrrGGGrrrrrrrGGGrr', 'traffic_light': 'Green', 'road': 'NS'}, {'duration': 5, 'str': 'rrrrryyyrrrrrrryyyrr', 'traffic_light': 'Yellow', 'road': 'NS'}, {'duration': 5, 'str': 'rrrrrrrrGGrrrrrrrrGG', 'traffic_light': 'Green', 'road': 'EW'}]",Static,28,26.86436170212766
55,0,"[{'duration': 15, 'str': 'GGGGGrrrrrrrrrrrrrrr', 'traffic_light': 'Green', 'road': 'N'}, {'duration': 5, 'str': 'YYYYYrrrrrrrrrrrrrrr', 'traffic_light': 'Yellow', 'road': 'N'}, {'duration': 15, 'str': 'rrrrrGGGGGrrrrrrrrrr', 'traffic_light': 'Green', 'road': 'S'}, {'duration': 5, 'str': 'rrrrrYYYYYrrrrrrrrrr', 'traffic_light': 'Yellow', 'road': 'S'}, {'duration': 15, 'str': 'rrrrrrrrrrGGGGGrrrrr', 'traffic_light': 'Green', 'road': 'E'}, {'duration': 5, 'str': 'rrrrrrrrrrYYYYYrrrrr', 'traffic_light': 'Yellow', 'road': 'E'}]",Group1,17,26.86436170212766
56,0,"[{'duration': 15, 'str': 'GGGrrrrrrrGGGrrrrrrr', 'traffic_light': 'Green', 'road': 'NS'}, {'duration': 5, 'str': 'yyyrrrrrrryyyrrrrrrr', 'traffic_light': 'Yellow', 'road': 'NS'}, {'duration': 5, 'str': 'rrrGGrrrrrrrrGGrrrrr', 'traffic_light': 'Green', 'road': 'EW'}, {'duration': 15, 'str': 'rrrrrGGGrrrrrrrGGGrr', 'traffic_light': 'Green', 'road': 'NS'}, {'duration': 5, 'str': 'rrrrryyyrrrrrrryyyrr', 'traffic_light': 'Yellow', 'road': 'NS'}, {'duration': 5, 'str': 'rrrrrrrrGGrrrrrrrrGG', 'traffic_light': 'Green', 'road': 'EW'}]",Static,36,26.86436170212766
56,0,"[{'duration': 15, 'str': 'GGGGGrrrrrrrrrrrrrrr', 'traffic_light': 'Green', 'road': 'N'}, {'duration': 5, 'str': 'YYYYYrrrrrrrrrrrrrrr', 'traffic_light': 'Yellow', 'road': 'N'}, {'duration': 15, 'str': 'rrrrrGGGGGrrrrrrrrrr', 'traffic_light': 'Green', 'road': 'S'}, {'duration': 5, 'str': 'rrrrrYYYYYrrrrrrrrrr', 'traffic_light': 'Yellow', 'road': 'S'}, {'duration': 15, 'str': 'rrrrrrrrrrGGGGGrrrrr', 'traffic_light': 'Green', 'road': 'E'}, {'duration': 5, 'str': 'rrrrrrrrrrYYYYYrrrrr', 'traffic_light': 'Yellow', 'road': 'E'}]",Group1,26,26.86436170212766
57,0,"[{'duration': 15, 'str': 'GGGrrrrrrrGGGrrrrrrr', 'traffic_light': 'Green', 'road': 'NS'}, {'duration': 5, 'str': 'yyyrrrrrrryyyrrrrrrr', 'traffic_light': 'Yellow', 'road': 'NS'}, {'duration': 5, 'str': 'rrrGGrrrrrrrrGGrrrrr', 'traffic_light': 'Green', 'road': 'EW'}, {'duration': 15, 'str': 'rrrrrGGGrrrrrrrGGGrr', 'traffic_light': 'Green', 'road': 'NS'}, {'duration': 5, 'str': 'rrrrryyyrrrrrrryyyrr', 'traffic_light': 'Yellow', 'road': 'NS'}, {'duration': 5, 'str': 'rrrrrrrrGGrrrrrrrrGG', 'traffic_light': 'Green', 'road': 'EW'}]",Static,27,26.86436170212766
57,0,"[{'duration': 15, 'str': 'GGGGGrrrrrrrrrrrrrrr', 'traffic_light': 'Green', 'road': 'N'}, {'duration': 5, 'str': 'YYYYYrrrrrrrrrrrrrrr', 'traffic_light': 'Yellow', 'road': 'N'}, {'duration': 15, 'str': 'rrrrrGGGGGrrrrrrrrrr', 'traffic_light': 'Green', 'road': 'S'}, {'duration': 5, 'str': 'rrrrrYYYYYrrrrrrrrrr', 'traffic_light': 'Yellow', 'road': 'S'}, {'duration': 15, 'str': 'rrrrrrrrrrGGGGGrrrrr', 'traffic_light': 'Green', 'road': 'E'}, {'duration': 5, 'str': 'rrrrrrrrrrYYYYYrrrrr', 'traffic_light': 'Yellow', 'road': 'E'}]",Group1,13,26.86436170212766
58,0,"[{'duration': 15, 'str': 'GGGrrrrrrrGGGrrrrrrr', 'traffic_light': 'Green', 'road': 'NS'}, {'duration': 5, 'str': 'yyyrrrrrrryyyrrrrrrr', 'traffic_light': 'Yellow', 'road': 'NS'}, {'duration': 5, 'str': 'rrrGGrrrrrrrrGGrrrrr', 'traffic_light': 'Green', 'road': 'EW'}, {'duration': 15, 'str': 'rrrrrGGGrrrrrrrGGGrr', 'traffic_light': 'Green', 'road': 'NS'}, {'duration': 5, 'str': 'rrrrryyyrrrrrrryyyrr', 'traffic_light': 'Yellow', 'road': 'NS'}, {'duration': 5, 'str': 'rrrrrrrrGGrrrrrrrrGG', 'traffic_light': 'Green', 'road': 'EW'}]",Static,41,26.86436170212766
58,0,"[{'duration': 15, 'str': 'GGGGGrrrrrrrrrrrrrrr', 'traffic_light': 'Green', 'road': 'N'}, {'duration': 5, 'str': 'YYYYYrrrrrrrrrrrrrrr', 'traffic_light': 'Yellow', 'road': 'N'}, {'duration': 15, 'str': 'rrrrrGGGGGrrrrrrrrrr', 'traffic_light': 'Green', 'road': 'S'}, {'duration': 5, 'str': 'rrrrrYYYYYrrrrrrrrrr', 'traffic_light': 'Yellow', 'road': 'S'}, {'duration': 15, 'str': 'rrrrrrrrrrGGGGGrrrrr', 'traffic_light': 'Green', 'road': 'E'}, {'duration': 5, 'str': 'rrrrrrrrrrYYYYYrrrrr', 'traffic_light': 'Yellow', 'road': 'E'}]",Group1,34,26.86436170212766
59,0,"[{'duration': 15, 'str': 'GGGrrrrrrrGGGrrrrrrr', 'traffic_light': 'Green', 'road': 'NS'}, {'duration': 5, 'str': 'yyyrrrrrrryyyrrrrrrr', 'traffic_light': 'Yellow', 'road': 'NS'}, {'duration': 5, 'str': 'rrrGGrrrrrrrrGGrrrrr', 'traffic_light': 'Green', 'road': 'EW'}, {'duration': 15, 'str': 'rrrrrGGGrrrrrrrGGGrr', 'traffic_light': 'Green', 'road': 'NS'}, {'duration': 5, 'str': 'rrrrryyyrrrrrrryyyrr', 'traffic_light': 'Yellow', 'road': 'NS'}, {'duration': 5, 'str': 'rrrrrrrrGGrrrrrrrrGG', 'traffic_light': 'Green', 'road': 'EW'}]",Static,33,26.86436170212766
59,0,"[{'duration': 15, 'str': 'GGGGGrrrrrrrrrrrrrrr', 'traffic_light': 'Green', 'road': 'N'}, {'duration': 5, 'str': 'YYYYYrrrrrrrrrrrrrrr', 'traffic_light': 'Yellow', 'road': 'N'}, {'duration': 15, 'str': 'rrrrrGGGGGrrrrrrrrrr', 'traffic_light': 'Green', 'road': 'S'}, {'duration': 5, 'str': 'rrrrrYYYYYrrrrrrrrrr', 'traffic_light': 'Yellow', 'road': 'S'}, {'duration': 15, 'str': 'rrrrrrrrrrGGGGGrrrrr', 'traffic_light': 'Green', 'road': 'E'}, {'duration': 5, 'str': 'rrrrrrrrrrYYYYYrrrrr', 'traffic_light': 'Yellow', 'road': 'E'}]",Group1,28,26.86436170212766
60,0,"[{'duration': 15, 'str': 'GGGrrrrrrrGGGrrrrrrr', 'traffic_light': 'Green', 'road': 'NS'}, {'duration': 5, 'str': 'yyyrrrrrrryyyrrrrrrr', 'traffic_light': 'Yellow', 'road': 'NS'}, {'duration': 5, 'str': 'rrrGGrrrrrrrrGGrrrrr', 'traffic_light': 'Green', 'road': 'EW'}, {'duration': 15, 'str': 'rrrrrGGGrrrrrrrGGGrr', 'traffic_light': 'Green', 'road': 'NS'}, {'duration': 5, 'str': 'rrrrryyyrrrrrrryyyrr', 'traffic_light': 'Yellow', 'road': 'NS'}, {'duration': 5, 'str': 'rrrrrrrrGGrrrrrrrrGG', 'traffic_light': 'Green', 'road': 'EW'}]",Static,34,26.86436170212766
60,0,"[{'duration': 15, 'str': 'GGGGGrrrrrrrrrrrrrrr', 'traffic_light': 'Green', 'road': 'N'}, {'duration': 5, 'str': 'YYYYYrrrrrrrrrrrrrrr', 'traffic_light': 'Yellow', 'road': 'N'}, {'duration': 15, 'str': 'rrrrrGGGGGrrrrrrrrrr', 'traffic_light': 'Green', 'road': 'S'}, {'duration': 5, 'str': 'rrrrrYYYYYrrrrrrrrrr', 'traffic_light': 'Yellow', 'road': 'S'}, {'duration': 15, 'str': 'rrrrrrrrrrGGGGGrrrrr', 'traffic_light': 'Green', 'road': 'E'}, {'duration': 5, 'str': 'rrrrrrrrrrYYYYYrrrrr', 'traffic_light': 'Yellow', 'road': 'E'}]",Group1,26,26.86436170212766
