Video_Index,Scenario_ID,Scenario,Group_ID,Throughput,Average_Travel_Time
1,0,"[{'duration': 30, 'str': 'GGGGGrrrrrGGGGGrrrrr', 'traffic_light': 'Green', 'road': 'NS'}, {'duration': 5, 'str': 'YYYYYrrrrrYYYYYrrrrr', 'traffic_light': 'Yellow', 'road': 'NS'}, {'duration': 25, 'str': 'rrrrrGGGGGrrrrrGGGGG', 'traffic_light': 'Green', 'road': 'EW'}, {'duration': 5, 'str': 'rrrrrYYYYYrrrrrYYYYY', 'traffic_light': 'Yellow', 'road': 'EW'}]",Static,21,35.375
1,0,"[{'duration': 15, 'str': 'GGGGGrrrrrrrrrrrrrrr', 'traffic_light': 'Green', 'road': 'N'}, {'duration': 5, 'str': 'YYYYYrrrrrrrrrrrrrrr', 'traffic_light': 'Yellow', 'road': 'N'}, {'duration': 15, 'str': 'rrrrrGGGGGrrrrrrrrrr', 'traffic_light': 'Green', 'road': 'S'}, {'duration': 5, 'str': 'rrrrrYYYYYrrrrrrrrrr', 'traffic_light': 'Yellow', 'road': 'S'}, {'duration': 15, 'str': 'rrrrrrrrrrGGGGGrrrrr', 'traffic_light': 'Green', 'road': 'E'}, {'duration': 5, 'str': 'rrrrrrrrrrYYYYYrrrrr', 'traffic_light': 'Yellow', 'road': 'E'}, {'duration': 15, 'str': 'rrrrrrrrrrrrrrrGGGGG', 'traffic_light': 'Green', 'road': 'W'}, {'duration': 5, 'str': 'rrrrrrrrrrrrrrrYYYYY', 'traffic_light': 'Yellow', 'road': 'W'}]",Group1,18,36.19047619
2,0,"[{'duration': 30, 'str': 'GGGGGrrrrrGGGGGrrrrr', 'traffic_light': 'Green', 'road': 'NS'}, {'duration': 5, 'str': 'YYYYYrrrrrYYYYYrrrrr', 'traffic_light': 'Yellow', 'road': 'NS'}, {'duration': 25, 'str': 'rrrrrGGGGGrrrrrGGGGG', 'traffic_light': 'Green', 'road': 'EW'}, {'duration': 5, 'str': 'rrrrrYYYYYrrrrrYYYYY', 'traffic_light': 'Yellow', 'road': 'EW'}]",Static,9,44.28571429
2,0,"[{'duration': 15, 'str': 'GGGGGrrrrrrrrrrrrrrr', 'traffic_light': 'Green', 'road': 'N'}, {'duration': 5, 'str': 'YYYYYrrrrrrrrrrrrrrr', 'traffic_light': 'Yellow', 'road': 'N'}, {'duration': 15, 'str': 'rrrrrGGGGGrrrrrrrrrr', 'traffic_light': 'Green', 'road': 'S'}, {'duration': 5, 'str': 'rrrrrYYYYYrrrrrrrrrr', 'traffic_light': 'Yellow', 'road': 'S'}, {'duration': 15, 'str': 'rrrrrrrrrrGGGGGrrrrr', 'traffic_light': 'Green', 'road': 'E'}, {'duration': 5, 'str': 'rrrrrrrrrrYYYYYrrrrr', 'traffic_light': 'Yellow', 'road': 'E'}, {'duration': 15, 'str': 'rrrrrrrrrrrrrrrGGGGG', 'traffic_light': 'Green', 'road': 'W'}, {'duration': 5, 'str': 'rrrrrrrrrrrrrrrYYYYY', 'traffic_light': 'Yellow', 'road': 'W'}]",Group1,17,33
3,0,"[{'duration': 30, 'str': 'GGGGGrrrrrGGGGGrrrrr', 'traffic_light': 'Green', 'road': 'NS'}, {'duration': 5, 'str': 'YYYYYrrrrrYYYYYrrrrr', 'traffic_light': 'Yellow', 'road': 'NS'}, {'duration': 25, 'str': 'rrrrrGGGGGrrrrrGGGGG', 'traffic_light': 'Green', 'road': 'EW'}, {'duration': 5, 'str': 'rrrrrYYYYYrrrrrYYYYY', 'traffic_light': 'Yellow', 'road': 'EW'}]",Static,20,42.55555556
3,0,"[{'duration': 10, 'str': 'GrrrrrrrrrGrrrrrrrrr', 'traffic_light': 'Left Turn', 'road': 'NS'}, {'duration': 20, 'str': 'GGGGGrrrrrGGGGGrrrrr', 'traffic_light': 'Green', 'road': 'NS'}, {'duration': 5, 'str': 'YYYYYrrrrrYYYYYrrrrr', 'traffic_light': 'Yellow', 'road': 'NS'}, {'duration': 10, 'str': 'rrrrrGrrrrrrrrrGrrrr', 'traffic_light': 'Left Turn', 'road': 'EW'}, {'duration': 20, 'str': 'rrrrrGGGGGrrrrrGGGGG', 'traffic_light': 'Green', 'road': 'EW'}, {'duration': 5, 'str': 'rrrrrYYYYYrrrrrYYYYY', 'traffic_light': 'Yellow', 'road': 'EW'}]",Group5,34,29
4,0,"[{'duration': 30, 'str': 'GGGGGrrrrrGGGGGrrrrr', 'traffic_light': 'Green', 'road': 'NS'}, {'duration': 5, 'str': 'YYYYYrrrrrYYYYYrrrrr', 'traffic_light': 'Yellow', 'road': 'NS'}, {'duration': 25, 'str': 'rrrrrGGGGGrrrrrGGGGG', 'traffic_light': 'Green', 'road': 'EW'}, {'duration': 5, 'str': 'rrrrrYYYYYrrrrrYYYYY', 'traffic_light': 'Yellow', 'road': 'EW'}]",Static,15,31.85714286
4,0,"[{'duration': 15, 'str': 'GGGGGrrrrrrrrrrrrrrr', 'traffic_light': 'Green', 'road': 'N'}, {'duration': 5, 'str': 'YYYYYrrrrrrrrrrrrrrr', 'traffic_light': 'Yellow', 'road': 'N'}, {'duration': 15, 'str': 'rrrrrGGGGGrrrrrrrrrr', 'traffic_light': 'Green', 'road': 'S'}, {'duration': 5, 'str': 'rrrrrYYYYYrrrrrrrrrr', 'traffic_light': 'Yellow', 'road': 'S'}, {'duration': 15, 'str': 'rrrrrrrrrrGGGGGrrrrr', 'traffic_light': 'Green', 'road': 'E'}, {'duration': 5, 'str': 'rrrrrrrrrrYYYYYrrrrr', 'traffic_light': 'Yellow', 'road': 'E'}, {'duration': 15, 'str': 'rrrrrrrrrrrrrrrGGGGG', 'traffic_light': 'Green', 'road': 'W'}, {'duration': 5, 'str': 'rrrrrrrrrrrrrrrYYYYY', 'traffic_light': 'Yellow', 'road': 'W'}]",Group1,21,29.58333333
5,0,"[{'duration': 30, 'str': 'GGGGGrrrrrGGGGGrrrrr', 'traffic_light': 'Green', 'road': 'NS'}, {'duration': 5, 'str': 'YYYYYrrrrrYYYYYrrrrr', 'traffic_light': 'Yellow', 'road': 'NS'}, {'duration': 25, 'str': 'rrrrrGGGGGrrrrrGGGGG', 'traffic_light': 'Green', 'road': 'EW'}, {'duration': 5, 'str': 'rrrrrYYYYYrrrrrYYYYY', 'traffic_light': 'Yellow', 'road': 'EW'}]",Static,13,42.36363636
5,0,"[{'duration': 15, 'str': 'GGGGGrrrrrrrrrrrrrrr', 'traffic_light': 'Green', 'road': 'N'}, {'duration': 5, 'str': 'YYYYYrrrrrrrrrrrrrrr', 'traffic_light': 'Yellow', 'road': 'N'}, {'duration': 15, 'str': 'rrrrrGGGGGrrrrrrrrrr', 'traffic_light': 'Green', 'road': 'S'}, {'duration': 5, 'str': 'rrrrrYYYYYrrrrrrrrrr', 'traffic_light': 'Yellow', 'road': 'S'}, {'duration': 15, 'str': 'rrrrrrrrrrGGGGGrrrrr', 'traffic_light': 'Green', 'road': 'E'}, {'duration': 5, 'str': 'rrrrrrrrrrYYYYYrrrrr', 'traffic_light': 'Yellow', 'road': 'E'}, {'duration': 15, 'str': 'rrrrrrrrrrrrrrrGGGGG', 'traffic_light': 'Green', 'road': 'W'}, {'duration': 5, 'str': 'rrrrrrrrrrrrrrrYYYYY', 'traffic_light': 'Yellow', 'road': 'W'}]",Group1,21,34.5
6,0,"[{'duration': 30, 'str': 'GGGGGrrrrrGGGGGrrrrr', 'traffic_light': 'Green', 'road': 'NS'}, {'duration': 5, 'str': 'YYYYYrrrrrYYYYYrrrrr', 'traffic_light': 'Yellow', 'road': 'NS'}, {'duration': 25, 'str': 'rrrrrGGGGGrrrrrGGGGG', 'traffic_light': 'Green', 'road': 'EW'}, {'duration': 5, 'str': 'rrrrrYYYYYrrrrrYYYYY', 'traffic_light': 'Yellow', 'road': 'EW'}]",Static,15,41.28571429
6,0,"[{'duration': 15, 'str': 'GGGGGrrrrrrrrrrrrrrr', 'traffic_light': 'Green', 'road': 'N'}, {'duration': 5, 'str': 'YYYYYrrrrrrrrrrrrrrr', 'traffic_light': 'Yellow', 'road': 'N'}, {'duration': 15, 'str': 'rrrrrGGGGGrrrrrrrrrr', 'traffic_light': 'Green', 'road': 'S'}, {'duration': 5, 'str': 'rrrrrYYYYYrrrrrrrrrr', 'traffic_light': 'Yellow', 'road': 'S'}, {'duration': 15, 'str': 'rrrrrrrrrrGGGGGrrrrr', 'traffic_light': 'Green', 'road': 'E'}, {'duration': 5, 'str': 'rrrrrrrrrrYYYYYrrrrr', 'traffic_light': 'Yellow', 'road': 'E'}, {'duration': 15, 'str': 'rrrrrrrrrrrrrrrGGGGG', 'traffic_light': 'Green', 'road': 'W'}, {'duration': 5, 'str': 'rrrrrrrrrrrrrrrYYYYY', 'traffic_light': 'Yellow', 'road': 'W'}]",Group1,11,38.66666667
7,0,"[{'duration': 30, 'str': 'GGGGGrrrrrGGGGGrrrrr', 'traffic_light': 'Green', 'road': 'NS'}, {'duration': 5, 'str': 'YYYYYrrrrrYYYYYrrrrr', 'traffic_light': 'Yellow', 'road': 'NS'}, {'duration': 25, 'str': 'rrrrrGGGGGrrrrrGGGGG', 'traffic_light': 'Green', 'road': 'EW'}, {'duration': 5, 'str': 'rrrrrYYYYYrrrrrYYYYY', 'traffic_light': 'Yellow', 'road': 'EW'}]",Static,12,39.375
7,0,"[{'duration': 12, 'str': 'GGGGGrrrrrGGGGGrrrrr', 'traffic_light': 'Green', 'road': 'NS'}, {'duration': 3, 'str': 'YYYYYrrrrrYYYYYrrrrr', 'traffic_light': 'Yellow', 'road': 'NS'}, {'duration': 12, 'str': 'rrrrrGGGGGrrrrrGGGGG', 'traffic_light': 'Green', 'road': 'EW'}, {'duration': 3, 'str': 'rrrrrYYYYYrrrrrYYYYY', 'traffic_light': 'Yellow', 'road': 'EW'}, {'duration': 6, 'str': 'Grrrrrrrrrrrrrrrrrrr', 'traffic_light': 'Left Turn', 'road': 'N'}, {'duration': 6, 'str': 'rrrrrGrrrrrrrrrrrrrr', 'traffic_light': 'Left Turn', 'road': 'S'}, {'duration': 6, 'str': 'rrrrrrrrrGrrrrrrrrrr', 'traffic_light': 'Left Turn', 'road': 'E'}, {'duration': 6, 'str': 'rrrrrrrrrrrrrrrGrrrr', 'traffic_light': 'Left Turn', 'road': 'W'}]",Group7,29,25.78787879
8,0,"[{'duration': 30, 'str': 'GGGGGrrrrrGGGGGrrrrr', 'traffic_light': 'Green', 'road': 'NS'}, {'duration': 5, 'str': 'YYYYYrrrrrYYYYYrrrrr', 'traffic_light': 'Yellow', 'road': 'NS'}, {'duration': 25, 'str': 'rrrrrGGGGGrrrrrGGGGG', 'traffic_light': 'Green', 'road': 'EW'}, {'duration': 5, 'str': 'rrrrrYYYYYrrrrrYYYYY', 'traffic_light': 'Yellow', 'road': 'EW'}]",Static,14,34.77777778
8,0,"[{'duration': 15, 'str': 'GGGGGrrrrrrrrrrrrrrr', 'traffic_light': 'Green', 'road': 'N'}, {'duration': 5, 'str': 'YYYYYrrrrrrrrrrrrrrr', 'traffic_light': 'Yellow', 'road': 'N'}, {'duration': 15, 'str': 'rrrrrGGGGGrrrrrrrrrr', 'traffic_light': 'Green', 'road': 'S'}, {'duration': 5, 'str': 'rrrrrYYYYYrrrrrrrrrr', 'traffic_light': 'Yellow', 'road': 'S'}, {'duration': 15, 'str': 'rrrrrrrrrrGGGGGrrrrr', 'traffic_light': 'Green', 'road': 'E'}, {'duration': 5, 'str': 'rrrrrrrrrrYYYYYrrrrr', 'traffic_light': 'Yellow', 'road': 'E'}, {'duration': 15, 'str': 'rrrrrrrrrrrrrrrGGGGG', 'traffic_light': 'Green', 'road': 'W'}, {'duration': 5, 'str': 'rrrrrrrrrrrrrrrYYYYY', 'traffic_light': 'Yellow', 'road': 'W'}]",Group1,30,26.83333333
9,0,"[{'duration': 30, 'str': 'GGGGGrrrrrGGGGGrrrrr', 'traffic_light': 'Green', 'road': 'NS'}, {'duration': 5, 'str': 'YYYYYrrrrrYYYYYrrrrr', 'traffic_light': 'Yellow', 'road': 'NS'}, {'duration': 25, 'str': 'rrrrrGGGGGrrrrrGGGGG', 'traffic_light': 'Green', 'road': 'EW'}, {'duration': 5, 'str': 'rrrrrYYYYYrrrrrYYYYY', 'traffic_light': 'Yellow', 'road': 'EW'}]",Static,12,41.08333333
9,0,"[{'duration': 15, 'str': 'GGGGGrrrrrrrrrrrrrrr', 'traffic_light': 'Green', 'road': 'N'}, {'duration': 5, 'str': 'YYYYYrrrrrrrrrrrrrrr', 'traffic_light': 'Yellow', 'road': 'N'}, {'duration': 15, 'str': 'rrrrrGGGGGrrrrrrrrrr', 'traffic_light': 'Green', 'road': 'S'}, {'duration': 5, 'str': 'rrrrrYYYYYrrrrrrrrrr', 'traffic_light': 'Yellow', 'road': 'S'}, {'duration': 15, 'str': 'rrrrrrrrrrGGGGGrrrrr', 'traffic_light': 'Green', 'road': 'E'}, {'duration': 5, 'str': 'rrrrrrrrrrYYYYYrrrrr', 'traffic_light': 'Yellow', 'road': 'E'}, {'duration': 15, 'str': 'rrrrrrrrrrrrrrrGGGGG', 'traffic_light': 'Green', 'road': 'W'}, {'duration': 5, 'str': 'rrrrrrrrrrrrrrrYYYYY', 'traffic_light': 'Yellow', 'road': 'W'}]",Group1,16,39.5
10,0,"[{'duration': 30, 'str': 'GGGGGrrrrrGGGGGrrrrr', 'traffic_light': 'Green', 'road': 'NS'}, {'duration': 5, 'str': 'YYYYYrrrrrYYYYYrrrrr', 'traffic_light': 'Yellow', 'road': 'NS'}, {'duration': 25, 'str': 'rrrrrGGGGGrrrrrGGGGG', 'traffic_light': 'Green', 'road': 'EW'}, {'duration': 5, 'str': 'rrrrrYYYYYrrrrrYYYYY', 'traffic_light': 'Yellow', 'road': 'EW'}]",Static,7,46.16666667
10,0,"[{'duration': 10, 'str': 'GrrrrrrrrrGrrrrrrrrr', 'traffic_light': 'Left Turn', 'road': 'NS'}, {'duration': 20, 'str': 'GGGGGrrrrrGGGGGrrrrr', 'traffic_light': 'Green', 'road': 'NS'}, {'duration': 5, 'str': 'YYYYYrrrrrYYYYYrrrrr', 'traffic_light': 'Yellow', 'road': 'NS'}, {'duration': 10, 'str': 'rrrrrGrrrrrrrrrGrrrr', 'traffic_light': 'Left Turn', 'road': 'EW'}, {'duration': 20, 'str': 'rrrrrGGGGGrrrrrGGGGG', 'traffic_light': 'Green', 'road': 'EW'}, {'duration': 5, 'str': 'rrrrrYYYYYrrrrrYYYYY', 'traffic_light': 'Yellow', 'road': 'EW'}]",Group5,29,28.14285714